class,class_short,feature,category,spearman_r
ARSE_crop,ARSE,Brightness,Color,0.7773
ARSE_crop,ARSE,Curvature_Laplacian,Edge_Shape,0.3153
ARSE_crop,ARSE,DistanceTransform,Edge_Shape,0.4573
ARSE_crop,ARSE,Edge_Sobel,Edge_Shape,0.0636
ARSE_crop,ARSE,FFT_HighPass,Frequency,0.273
ARSE_crop,ARSE,FFT_LowPass,Frequency,0.7776
ARSE_crop,ARSE,FourierDescriptor,Edge_Shape,-0.4557
ARSE_crop,ARSE,Gabor_f0.1_t0°,Texture,0.2976
ARSE_crop,ARSE,Gabor_f0.1_t135°,Texture,0.128
ARSE_crop,ARSE,Gabor_f0.1_t45°,Texture,0.2627
ARSE_crop,ARSE,Gabor_f0.1_t90°,Texture,0.2128
ARSE_crop,ARSE,Gabor_f0.2_t0°,Texture,0.5572
ARSE_crop,ARSE,Gabor_f0.2_t135°,Texture,0.2691
ARSE_crop,ARSE,Gabor_f0.2_t45°,Texture,0.3888
ARSE_crop,ARSE,Gabor_f0.2_t90°,Texture,0.2436
ARSE_crop,ARSE,Gabor_f0.3_t0°,Texture,0.6511
ARSE_crop,ARSE,Gabor_f0.3_t135°,Texture,0.3969
ARSE_crop,ARSE,Gabor_f0.3_t45°,Texture,0.4563
ARSE_crop,ARSE,Gabor_f0.3_t90°,Texture,0.2552
ARSE_crop,ARSE,LAB_Chroma,Color,0.2578
ARSE_crop,ARSE,LAB_L,Color,0.7742
ARSE_crop,ARSE,LBP,Texture,0.4087
ARSE_crop,ARSE,Saturation_HSV,Color,-0.1102
ARSE_crop,ARSE,Wavelet_L1_D,Frequency,0.229
ARSE_crop,ARSE,Wavelet_L1_H,Frequency,0.0639
ARSE_crop,ARSE,Wavelet_L1_V,Frequency,0.1801
ARSE_crop,ARSE,Wavelet_L2_D,Frequency,0.1963
ARSE_crop,ARSE,Wavelet_L2_H,Frequency,0.0875
ARSE_crop,ARSE,Wavelet_L2_V,Frequency,0.356
ARSS_crop,ARSS,Brightness,Color,0.8438
ARSS_crop,ARSS,Curvature_Laplacian,Edge_Shape,0.3546
ARSS_crop,ARSS,DistanceTransform,Edge_Shape,0.4927
ARSS_crop,ARSS,Edge_Sobel,Edge_Shape,0.2587
ARSS_crop,ARSS,FFT_HighPass,Frequency,0.1453
ARSS_crop,ARSS,FFT_LowPass,Frequency,0.844
ARSS_crop,ARSS,FourierDescriptor,Edge_Shape,-0.4773
ARSS_crop,ARSS,Gabor_f0.1_t0°,Texture,0.4413
ARSS_crop,ARSS,Gabor_f0.1_t135°,Texture,0.3139
ARSS_crop,ARSS,Gabor_f0.1_t45°,Texture,0.4124
ARSS_crop,ARSS,Gabor_f0.1_t90°,Texture,0.3098
ARSS_crop,ARSS,Gabor_f0.2_t0°,Texture,0.5638
ARSS_crop,ARSS,Gabor_f0.2_t135°,Texture,0.3632
ARSS_crop,ARSS,Gabor_f0.2_t45°,Texture,0.4444
ARSS_crop,ARSS,Gabor_f0.2_t90°,Texture,0.3723
ARSS_crop,ARSS,Gabor_f0.3_t0°,Texture,0.6045
ARSS_crop,ARSS,Gabor_f0.3_t135°,Texture,0.4049
ARSS_crop,ARSS,Gabor_f0.3_t45°,Texture,0.5017
ARSS_crop,ARSS,Gabor_f0.3_t90°,Texture,0.4183
ARSS_crop,ARSS,LAB_Chroma,Color,0.6378
ARSS_crop,ARSS,LAB_L,Color,0.842
ARSS_crop,ARSS,LBP,Texture,0.3858
ARSS_crop,ARSS,Saturation_HSV,Color,0.0833
ARSS_crop,ARSS,Wavelet_L1_D,Frequency,0.1664
ARSS_crop,ARSS,Wavelet_L1_H,Frequency,0.1643
ARSS_crop,ARSS,Wavelet_L1_V,Frequency,0.2428
ARSS_crop,ARSS,Wavelet_L2_D,Frequency,0.0567
ARSS_crop,ARSS,Wavelet_L2_H,Frequency,0.1655
ARSS_crop,ARSS,Wavelet_L2_V,Frequency,0.293
PJNA_crop,PJNA,Brightness,Color,0.7819
PJNA_crop,PJNA,Curvature_Laplacian,Edge_Shape,0.5729
PJNA_crop,PJNA,DistanceTransform,Edge_Shape,0.6568
PJNA_crop,PJNA,Edge_Sobel,Edge_Shape,0.2301
PJNA_crop,PJNA,FFT_HighPass,Frequency,0.5567
PJNA_crop,PJNA,FFT_LowPass,Frequency,0.7822
PJNA_crop,PJNA,FourierDescriptor,Edge_Shape,-0.5831
PJNA_crop,PJNA,Gabor_f0.1_t0°,Texture,0.3015
PJNA_crop,PJNA,Gabor_f0.1_t135°,Texture,0.1564
PJNA_crop,PJNA,Gabor_f0.1_t45°,Texture,0.2479
PJNA_crop,PJNA,Gabor_f0.1_t90°,Texture,0.322
PJNA_crop,PJNA,Gabor_f0.2_t0°,Texture,0.4637
PJNA_crop,PJNA,Gabor_f0.2_t135°,Texture,0.2877
PJNA_crop,PJNA,Gabor_f0.2_t45°,Texture,0.386
PJNA_crop,PJNA,Gabor_f0.2_t90°,Texture,0.478
PJNA_crop,PJNA,Gabor_f0.3_t0°,Texture,0.5181
PJNA_crop,PJNA,Gabor_f0.3_t135°,Texture,0.3915
PJNA_crop,PJNA,Gabor_f0.3_t45°,Texture,0.4789
PJNA_crop,PJNA,Gabor_f0.3_t90°,Texture,0.5935
PJNA_crop,PJNA,LAB_Chroma,Color,0.803
PJNA_crop,PJNA,LAB_L,Color,0.7838
PJNA_crop,PJNA,LBP,Texture,0.4408
PJNA_crop,PJNA,Saturation_HSV,Color,0.4364
PJNA_crop,PJNA,Wavelet_L1_D,Frequency,0.1494
PJNA_crop,PJNA,Wavelet_L1_H,Frequency,0.1221
PJNA_crop,PJNA,Wavelet_L1_V,Frequency,0.1004
PJNA_crop,PJNA,Wavelet_L2_D,Frequency,0.3973
PJNA_crop,PJNA,Wavelet_L2_H,Frequency,0.3596
PJNA_crop,PJNA,Wavelet_L2_V,Frequency,0.2926
PRDA_crop,PRDA,Brightness,Color,0.8562
PRDA_crop,PRDA,Curvature_Laplacian,Edge_Shape,0.662
PRDA_crop,PRDA,DistanceTransform,Edge_Shape,0.6872
PRDA_crop,PRDA,Edge_Sobel,Edge_Shape,0.1834
PRDA_crop,PRDA,FFT_HighPass,Frequency,0.5975
PRDA_crop,PRDA,FFT_LowPass,Frequency,0.8564
PRDA_crop,PRDA,FourierDescriptor,Edge_Shape,-0.6427
PRDA_crop,PRDA,Gabor_f0.1_t0°,Texture,0.4753
PRDA_crop,PRDA,Gabor_f0.1_t135°,Texture,0.2134
PRDA_crop,PRDA,Gabor_f0.1_t45°,Texture,0.3397
PRDA_crop,PRDA,Gabor_f0.1_t90°,Texture,0.2884
PRDA_crop,PRDA,Gabor_f0.2_t0°,Texture,0.6271
PRDA_crop,PRDA,Gabor_f0.2_t135°,Texture,0.3954
PRDA_crop,PRDA,Gabor_f0.2_t45°,Texture,0.5294
PRDA_crop,PRDA,Gabor_f0.2_t90°,Texture,0.3582
PRDA_crop,PRDA,Gabor_f0.3_t0°,Texture,0.7065
PRDA_crop,PRDA,Gabor_f0.3_t135°,Texture,0.5208
PRDA_crop,PRDA,Gabor_f0.3_t45°,Texture,0.6934
PRDA_crop,PRDA,Gabor_f0.3_t90°,Texture,0.5127
PRDA_crop,PRDA,LAB_Chroma,Color,0.8227
PRDA_crop,PRDA,LAB_L,Color,0.8569
PRDA_crop,PRDA,LBP,Texture,0.5037
PRDA_crop,PRDA,Saturation_HSV,Color,0.4036
PRDA_crop,PRDA,Wavelet_L1_D,Frequency,0.3707
PRDA_crop,PRDA,Wavelet_L1_H,Frequency,0.0278
PRDA_crop,PRDA,Wavelet_L1_V,Frequency,0.2592
PRDA_crop,PRDA,Wavelet_L2_D,Frequency,0.636
PRDA_crop,PRDA,Wavelet_L2_H,Frequency,0.2941
PRDA_crop,PRDA,Wavelet_L2_V,Frequency,0.5437
PRPE_crop,PRPE,Brightness,Color,0.7993
PRPE_crop,PRPE,Curvature_Laplacian,Edge_Shape,0.6914
PRPE_crop,PRPE,DistanceTransform,Edge_Shape,0.7724
PRPE_crop,PRPE,Edge_Sobel,Edge_Shape,0.123
PRPE_crop,PRPE,FFT_HighPass,Frequency,0.5789
PRPE_crop,PRPE,FFT_LowPass,Frequency,0.8005
PRPE_crop,PRPE,FourierDescriptor,Edge_Shape,-0.7574
PRPE_crop,PRPE,Gabor_f0.1_t0°,Texture,0.4083
PRPE_crop,PRPE,Gabor_f0.1_t135°,Texture,0.2004
PRPE_crop,PRPE,Gabor_f0.1_t45°,Texture,0.1844
PRPE_crop,PRPE,Gabor_f0.1_t90°,Texture,0.3928
PRPE_crop,PRPE,Gabor_f0.2_t0°,Texture,0.4778
PRPE_crop,PRPE,Gabor_f0.2_t135°,Texture,0.2837
PRPE_crop,PRPE,Gabor_f0.2_t45°,Texture,0.3305
PRPE_crop,PRPE,Gabor_f0.2_t90°,Texture,0.402
PRPE_crop,PRPE,Gabor_f0.3_t0°,Texture,0.6722
PRPE_crop,PRPE,Gabor_f0.3_t135°,Texture,0.5475
PRPE_crop,PRPE,Gabor_f0.3_t45°,Texture,0.6309
PRPE_crop,PRPE,Gabor_f0.3_t90°,Texture,0.4917
PRPE_crop,PRPE,LAB_Chroma,Color,0.8376
PRPE_crop,PRPE,LAB_L,Color,0.8022
PRPE_crop,PRPE,LBP,Texture,0.528
PRPE_crop,PRPE,Saturation_HSV,Color,0.6393
PRPE_crop,PRPE,Wavelet_L1_D,Frequency,0.4062
PRPE_crop,PRPE,Wavelet_L1_H,Frequency,-0.0107
PRPE_crop,PRPE,Wavelet_L1_V,Frequency,0.1778
PRPE_crop,PRPE,Wavelet_L2_D,Frequency,0.7334
PRPE_crop,PRPE,Wavelet_L2_H,Frequency,0.3897
PRPE_crop,PRPE,Wavelet_L2_V,Frequency,0.57
