filepath,class,label,split
/data/JSM/06_2/PRDA_crop/PRDA_0102.jpg,PRDA_crop,3,train
/data/JSM/06_2/PRPE_crop/PRPE_0128.jpg,PRPE_crop,4,train
/data/JSM/06_2/ARSS_crop/ARSS_0206.jpg,ARSS_crop,1,train
/data/JSM/06_2/ARSS_crop/ARSS_0176.jpg,ARSS_crop,1,train
/data/JSM/06_2/ARSS_crop/ARSS_0086.jpg,ARSS_crop,1,train
/data/JSM/06_2/PJNA_crop/PJNA_0062.jpg,PJNA_crop,2,train
/data/JSM/06_2/ARSE_crop/ARSE_0138.jpg,ARSE_crop,0,train
/data/JSM/06_2/ARSS_crop/ARSS_0031.jpg,ARSS_crop,1,train
/data/JSM/06_2/PJNA_crop/PJNA_0218.jpg,PJNA_crop,2,train
/data/JSM/06_2/PJNA_crop/PJNA_0037.jpg,PJNA_crop,2,train
/data/JSM/06_2/ARSS_crop/ARSS_0190.jpg,ARSS_crop,1,train
/data/JSM/06_2/ARSS_crop/ARSS_0093.jpg,ARSS_crop,1,train
/data/JSM/06_2/PRPE_crop/PRPE_0172.jpg,PRPE_crop,4,train
/data/JSM/06_2/PRDA_crop/PRDA_0131.jpg,PRDA_crop,3,train
/data/JSM/06_2/ARSE_crop/ARSE_0163.jpg,ARSE_crop,0,train
/data/JSM/06_2/PRPE_crop/PRPE_0017.jpg,PRPE_crop,4,train
/data/JSM/06_2/PRDA_crop/PRDA_0050.jpg,PRDA_crop,3,train
/data/JSM/06_2/PRPE_crop/PRPE_0055.jpg,PRPE_crop,4,train
/data/JSM/06_2/PRDA_crop/PRDA_0180.jpg,PRDA_crop,3,train
/data/JSM/06_2/ARSE_crop/ARSE_0070.jpg,ARSE_crop,0,train
/data/JSM/06_2/PRPE_crop/PRPE_0095.jpg,PRPE_crop,4,train
/data/JSM/06_2/ARSE_crop/ARSE_0123.jpg,ARSE_crop,0,train
/data/JSM/06_2/PRDA_crop/PRDA_0166.jpg,PRDA_crop,3,train
/data/JSM/06_2/ARSS_crop/ARSS_0191.jpg,ARSS_crop,1,train
/data/JSM/06_2/ARSS_crop/ARSS_0168.jpg,ARSS_crop,1,train
/data/JSM/06_2/ARSS_crop/ARSS_0124.jpg,ARSS_crop,1,train
/data/JSM/06_2/PRPE_crop/PRPE_0034.jpg,PRPE_crop,4,train
/data/JSM/06_2/PRDA_crop/PRDA_0092.jpg,PRDA_crop,3,train
/data/JSM/06_2/ARSS_crop/ARSS_0063.jpg,ARSS_crop,1,train
/data/JSM/06_2/PJNA_crop/PJNA_0164.jpg,PJNA_crop,2,train
/data/JSM/06_2/ARSE_crop/ARSE_0194.jpg,ARSE_crop,0,train
/data/JSM/06_2/PRDA_crop/PRDA_0115.jpg,PRDA_crop,3,train
/data/JSM/06_2/ARSE_crop/ARSE_0139.jpg,ARSE_crop,0,train
/data/JSM/06_2/ARSE_crop/ARSE_0187.jpg,ARSE_crop,0,train
/data/JSM/06_2/ARSS_crop/ARSS_0145.jpg,ARSS_crop,1,train
/data/JSM/06_2/PJNA_crop/PJNA_0130.jpg,PJNA_crop,2,train
/data/JSM/06_2/ARSS_crop/ARSS_0203.jpg,ARSS_crop,1,train
/data/JSM/06_2/PJNA_crop/PJNA_0118.jpg,PJNA_crop,2,train
/data/JSM/06_2/PRDA_crop/PRDA_0098.jpg,PRDA_crop,3,train
/data/JSM/06_2/PRPE_crop/PRPE_0166.jpg,PRPE_crop,4,train
/data/JSM/06_2/ARSE_crop/ARSE_0178.jpg,ARSE_crop,0,train
/data/JSM/06_2/PJNA_crop/PJNA_0078.jpg,PJNA_crop,2,train
/data/JSM/06_2/ARSE_crop/ARSE_0156.jpg,ARSE_crop,0,train
/data/JSM/06_2/ARSS_crop/ARSS_0088.jpg,ARSS_crop,1,train
/data/JSM/06_2/PJNA_crop/PJNA_0017.jpg,PJNA_crop,2,train
/data/JSM/06_2/PRDA_crop/PRDA_0187.jpg,PRDA_crop,3,train
/data/JSM/06_2/ARSS_crop/ARSS_0065.jpg,ARSS_crop,1,train
/data/JSM/06_2/ARSS_crop/ARSS_0142.jpg,ARSS_crop,1,train
/data/JSM/06_2/ARSS_crop/ARSS_0011.jpg,ARSS_crop,1,train
/data/JSM/06_2/PRDA_crop/PRDA_0220.jpg,PRDA_crop,3,train
/data/JSM/06_2/PJNA_crop/PJNA_0011.jpg,PJNA_crop,2,train
/data/JSM/06_2/ARSS_crop/ARSS_0184.jpg,ARSS_crop,1,train
/data/JSM/06_2/ARSS_crop/ARSS_0035.jpg,ARSS_crop,1,train
/data/JSM/06_2/PRPE_crop/PRPE_0165.jpg,PRPE_crop,4,train
/data/JSM/06_2/PRDA_crop/PRDA_0171.jpg,PRDA_crop,3,train
/data/JSM/06_2/ARSE_crop/ARSE_0200.jpg,ARSE_crop,0,train
/data/JSM/06_2/PRPE_crop/PRPE_0184.jpg,PRPE_crop,4,train
/data/JSM/06_2/ARSE_crop/ARSE_0158.jpg,ARSE_crop,0,train
/data/JSM/06_2/PJNA_crop/PJNA_0026.jpg,PJNA_crop,2,train
/data/JSM/06_2/PJNA_crop/PJNA_0088.jpg,PJNA_crop,2,train
/data/JSM/06_2/PRPE_crop/PRPE_0092.jpg,PRPE_crop,4,train
/data/JSM/06_2/PRDA_crop/PRDA_0183.jpg,PRDA_crop,3,train
/data/JSM/06_2/PRPE_crop/PRPE_0155.jpg,PRPE_crop,4,train
/data/JSM/06_2/ARSS_crop/ARSS_0135.jpg,ARSS_crop,1,train
/data/JSM/06_2/ARSE_crop/ARSE_0000.jpg,ARSE_crop,0,train
/data/JSM/06_2/PJNA_crop/PJNA_0107.jpg,PJNA_crop,2,train
/data/JSM/06_2/PJNA_crop/PJNA_0036.jpg,PJNA_crop,2,train
/data/JSM/06_2/PJNA_crop/PJNA_0131.jpg,PJNA_crop,2,train
/data/JSM/06_2/PJNA_crop/PJNA_0135.jpg,PJNA_crop,2,train
/data/JSM/06_2/ARSS_crop/ARSS_0180.jpg,ARSS_crop,1,train
/data/JSM/06_2/PRPE_crop/PRPE_0181.jpg,PRPE_crop,4,train
/data/JSM/06_2/ARSE_crop/ARSE_0167.jpg,ARSE_crop,0,train
/data/JSM/06_2/PJNA_crop/PJNA_0106.jpg,PJNA_crop,2,train
/data/JSM/06_2/ARSE_crop/ARSE_0111.jpg,ARSE_crop,0,train
/data/JSM/06_2/PRDA_crop/PRDA_0109.jpg,PRDA_crop,3,train
/data/JSM/06_2/PRPE_crop/PRPE_0211.jpg,PRPE_crop,4,train
/data/JSM/06_2/ARSS_crop/ARSS_0001.jpg,ARSS_crop,1,train
/data/JSM/06_2/PRPE_crop/PRPE_0212.jpg,PRPE_crop,4,train
/data/JSM/06_2/PRPE_crop/PRPE_0234.jpg,PRPE_crop,4,train
/data/JSM/06_2/PRPE_crop/PRPE_0049.jpg,PRPE_crop,4,train
/data/JSM/06_2/PJNA_crop/PJNA_0138.jpg,PJNA_crop,2,train
/data/JSM/06_2/ARSS_crop/ARSS_0084.jpg,ARSS_crop,1,train
/data/JSM/06_2/PJNA_crop/PJNA_0170.jpg,PJNA_crop,2,train
/data/JSM/06_2/ARSE_crop/ARSE_0012.jpg,ARSE_crop,0,train
/data/JSM/06_2/ARSE_crop/ARSE_0182.jpg,ARSE_crop,0,train
/data/JSM/06_2/PRPE_crop/PRPE_0010.jpg,PRPE_crop,4,train
/data/JSM/06_2/PRDA_crop/PRDA_0072.jpg,PRDA_crop,3,train
/data/JSM/06_2/PJNA_crop/PJNA_0094.jpg,PJNA_crop,2,train
/data/JSM/06_2/PRDA_crop/PRDA_0181.jpg,PRDA_crop,3,train
/data/JSM/06_2/PRPE_crop/PRPE_0072.jpg,PRPE_crop,4,train
/data/JSM/06_2/ARSE_crop/ARSE_0069.jpg,ARSE_crop,0,train
/data/JSM/06_2/PJNA_crop/PJNA_0103.jpg,PJNA_crop,2,train
/data/JSM/06_2/PRDA_crop/PRDA_0215.jpg,PRDA_crop,3,train
/data/JSM/06_2/PJNA_crop/PJNA_0108.jpg,PJNA_crop,2,train
/data/JSM/06_2/ARSE_crop/ARSE_0174.jpg,ARSE_crop,0,train
/data/JSM/06_2/PJNA_crop/PJNA_0172.jpg,PJNA_crop,2,train
/data/JSM/06_2/PRDA_crop/PRDA_0142.jpg,PRDA_crop,3,train
/data/JSM/06_2/ARSE_crop/ARSE_0043.jpg,ARSE_crop,0,train
/data/JSM/06_2/ARSE_crop/ARSE_0195.jpg,ARSE_crop,0,train
/data/JSM/06_2/PRDA_crop/PRDA_0036.jpg,PRDA_crop,3,train
/data/JSM/06_2/PJNA_crop/PJNA_0177.jpg,PJNA_crop,2,train
/data/JSM/06_2/ARSE_crop/ARSE_0042.jpg,ARSE_crop,0,train
/data/JSM/06_2/PJNA_crop/PJNA_0209.jpg,PJNA_crop,2,train
/data/JSM/06_2/ARSS_crop/ARSS_0004.jpg,ARSS_crop,1,train
/data/JSM/06_2/PJNA_crop/PJNA_0166.jpg,PJNA_crop,2,train
/data/JSM/06_2/ARSS_crop/ARSS_0076.jpg,ARSS_crop,1,train
/data/JSM/06_2/PRPE_crop/PRPE_0205.jpg,PRPE_crop,4,train
/data/JSM/06_2/PRPE_crop/PRPE_0117.jpg,PRPE_crop,4,train
/data/JSM/06_2/PRDA_crop/PRDA_0129.jpg,PRDA_crop,3,train
/data/JSM/06_2/PJNA_crop/PJNA_0055.jpg,PJNA_crop,2,train
/data/JSM/06_2/PRDA_crop/PRDA_0025.jpg,PRDA_crop,3,train
/data/JSM/06_2/PJNA_crop/PJNA_0027.jpg,PJNA_crop,2,train
/data/JSM/06_2/PRDA_crop/PRDA_0074.jpg,PRDA_crop,3,train
/data/JSM/06_2/PRDA_crop/PRDA_0214.jpg,PRDA_crop,3,train
/data/JSM/06_2/PRDA_crop/PRDA_0206.jpg,PRDA_crop,3,train
/data/JSM/06_2/PRPE_crop/PRPE_0170.jpg,PRPE_crop,4,train
/data/JSM/06_2/PRDA_crop/PRDA_0225.jpg,PRDA_crop,3,train
/data/JSM/06_2/PRDA_crop/PRDA_0043.jpg,PRDA_crop,3,train
/data/JSM/06_2/PRDA_crop/PRDA_0188.jpg,PRDA_crop,3,train
/data/JSM/06_2/ARSS_crop/ARSS_0085.jpg,ARSS_crop,1,train
/data/JSM/06_2/PRDA_crop/PRDA_0138.jpg,PRDA_crop,3,train
/data/JSM/06_2/ARSE_crop/ARSE_0148.jpg,ARSE_crop,0,train
/data/JSM/06_2/PJNA_crop/PJNA_0024.jpg,PJNA_crop,2,train
/data/JSM/06_2/PRPE_crop/PRPE_0013.jpg,PRPE_crop,4,train
/data/JSM/06_2/ARSS_crop/ARSS_0112.jpg,ARSS_crop,1,train
/data/JSM/06_2/PRDA_crop/PRDA_0164.jpg,PRDA_crop,3,train
/data/JSM/06_2/PRDA_crop/PRDA_0061.jpg,PRDA_crop,3,train
/data/JSM/06_2/PRPE_crop/PRPE_0104.jpg,PRPE_crop,4,train
/data/JSM/06_2/ARSS_crop/ARSS_0169.jpg,ARSS_crop,1,train
/data/JSM/06_2/PJNA_crop/PJNA_0086.jpg,PJNA_crop,2,train
/data/JSM/06_2/PRPE_crop/PRPE_0215.jpg,PRPE_crop,4,train
/data/JSM/06_2/ARSS_crop/ARSS_0014.jpg,ARSS_crop,1,train
/data/JSM/06_2/PRDA_crop/PRDA_0095.jpg,PRDA_crop,3,train
/data/JSM/06_2/ARSE_crop/ARSE_0165.jpg,ARSE_crop,0,train
/data/JSM/06_2/PRPE_crop/PRPE_0000.jpg,PRPE_crop,4,train
/data/JSM/06_2/PJNA_crop/PJNA_0112.jpg,PJNA_crop,2,train
/data/JSM/06_2/ARSS_crop/ARSS_0005.jpg,ARSS_crop,1,train
/data/JSM/06_2/PRDA_crop/PRDA_0201.jpg,PRDA_crop,3,train
/data/JSM/06_2/ARSE_crop/ARSE_0031.jpg,ARSE_crop,0,train
/data/JSM/06_2/PRPE_crop/PRPE_0004.jpg,PRPE_crop,4,train
/data/JSM/06_2/PRDA_crop/PRDA_0167.jpg,PRDA_crop,3,train
/data/JSM/06_2/ARSS_crop/ARSS_0214.jpg,ARSS_crop,1,train
/data/JSM/06_2/ARSS_crop/ARSS_0150.jpg,ARSS_crop,1,train
/data/JSM/06_2/ARSS_crop/ARSS_0050.jpg,ARSS_crop,1,train
/data/JSM/06_2/PRDA_crop/PRDA_0080.jpg,PRDA_crop,3,train
/data/JSM/06_2/ARSE_crop/ARSE_0028.jpg,ARSE_crop,0,train
/data/JSM/06_2/PRDA_crop/PRDA_0211.jpg,PRDA_crop,3,train
/data/JSM/06_2/ARSS_crop/ARSS_0047.jpg,ARSS_crop,1,train
/data/JSM/06_2/PRPE_crop/PRPE_0144.jpg,PRPE_crop,4,train
/data/JSM/06_2/PRPE_crop/PRPE_0233.jpg,PRPE_crop,4,train
/data/JSM/06_2/PRDA_crop/PRDA_0052.jpg,PRDA_crop,3,train
/data/JSM/06_2/ARSE_crop/ARSE_0061.jpg,ARSE_crop,0,train
/data/JSM/06_2/ARSS_crop/ARSS_0029.jpg,ARSS_crop,1,train
/data/JSM/06_2/PJNA_crop/PJNA_0073.jpg,PJNA_crop,2,train
/data/JSM/06_2/ARSE_crop/ARSE_0172.jpg,ARSE_crop,0,train
/data/JSM/06_2/PRDA_crop/PRDA_0012.jpg,PRDA_crop,3,train
/data/JSM/06_2/PRPE_crop/PRPE_0171.jpg,PRPE_crop,4,train
/data/JSM/06_2/ARSE_crop/ARSE_0079.jpg,ARSE_crop,0,train
/data/JSM/06_2/PRPE_crop/PRPE_0077.jpg,PRPE_crop,4,train
/data/JSM/06_2/PRPE_crop/PRPE_0073.jpg,PRPE_crop,4,train
/data/JSM/06_2/PRPE_crop/PRPE_0113.jpg,PRPE_crop,4,train
/data/JSM/06_2/PJNA_crop/PJNA_0016.jpg,PJNA_crop,2,train
/data/JSM/06_2/PJNA_crop/PJNA_0013.jpg,PJNA_crop,2,train
/data/JSM/06_2/PRPE_crop/PRPE_0221.jpg,PRPE_crop,4,train
/data/JSM/06_2/PRPE_crop/PRPE_0098.jpg,PRPE_crop,4,train
/data/JSM/06_2/ARSS_crop/ARSS_0042.jpg,ARSS_crop,1,train
/data/JSM/06_2/PRPE_crop/PRPE_0193.jpg,PRPE_crop,4,train
/data/JSM/06_2/PJNA_crop/PJNA_0025.jpg,PJNA_crop,2,train
/data/JSM/06_2/PRPE_crop/PRPE_0018.jpg,PRPE_crop,4,train
/data/JSM/06_2/PRPE_crop/PRPE_0202.jpg,PRPE_crop,4,train
/data/JSM/06_2/PJNA_crop/PJNA_0029.jpg,PJNA_crop,2,train
/data/JSM/06_2/PRPE_crop/PRPE_0118.jpg,PRPE_crop,4,train
/data/JSM/06_2/PJNA_crop/PJNA_0014.jpg,PJNA_crop,2,train
/data/JSM/06_2/ARSE_crop/ARSE_0047.jpg,ARSE_crop,0,train
/data/JSM/06_2/ARSS_crop/ARSS_0195.jpg,ARSS_crop,1,train
/data/JSM/06_2/ARSE_crop/ARSE_0199.jpg,ARSE_crop,0,train
/data/JSM/06_2/PRPE_crop/PRPE_0068.jpg,PRPE_crop,4,train
/data/JSM/06_2/PRDA_crop/PRDA_0196.jpg,PRDA_crop,3,train
/data/JSM/06_2/ARSS_crop/ARSS_0041.jpg,ARSS_crop,1,train
/data/JSM/06_2/PJNA_crop/PJNA_0186.jpg,PJNA_crop,2,train
/data/JSM/06_2/PJNA_crop/PJNA_0060.jpg,PJNA_crop,2,train
/data/JSM/06_2/PRPE_crop/PRPE_0014.jpg,PRPE_crop,4,train
/data/JSM/06_2/ARSS_crop/ARSS_0028.jpg,ARSS_crop,1,train
/data/JSM/06_2/PRPE_crop/PRPE_0176.jpg,PRPE_crop,4,train
/data/JSM/06_2/PRDA_crop/PRDA_0132.jpg,PRDA_crop,3,train
/data/JSM/06_2/ARSE_crop/ARSE_0175.jpg,ARSE_crop,0,train
/data/JSM/06_2/PRDA_crop/PRDA_0222.jpg,PRDA_crop,3,train
/data/JSM/06_2/PJNA_crop/PJNA_0126.jpg,PJNA_crop,2,train
/data/JSM/06_2/PJNA_crop/PJNA_0167.jpg,PJNA_crop,2,train
/data/JSM/06_2/PJNA_crop/PJNA_0224.jpg,PJNA_crop,2,train
/data/JSM/06_2/PJNA_crop/PJNA_0223.jpg,PJNA_crop,2,train
/data/JSM/06_2/PJNA_crop/PJNA_0101.jpg,PJNA_crop,2,train
/data/JSM/06_2/ARSS_crop/ARSS_0053.jpg,ARSS_crop,1,train
/data/JSM/06_2/PRPE_crop/PRPE_0188.jpg,PRPE_crop,4,train
/data/JSM/06_2/PRDA_crop/PRDA_0049.jpg,PRDA_crop,3,train
/data/JSM/06_2/ARSE_crop/ARSE_0189.jpg,ARSE_crop,0,train
/data/JSM/06_2/PJNA_crop/PJNA_0176.jpg,PJNA_crop,2,train
/data/JSM/06_2/PRDA_crop/PRDA_0189.jpg,PRDA_crop,3,train
/data/JSM/06_2/ARSE_crop/ARSE_0040.jpg,ARSE_crop,0,train
/data/JSM/06_2/ARSE_crop/ARSE_0115.jpg,ARSE_crop,0,train
/data/JSM/06_2/ARSS_crop/ARSS_0044.jpg,ARSS_crop,1,train
/data/JSM/06_2/PRPE_crop/PRPE_0161.jpg,PRPE_crop,4,train
/data/JSM/06_2/PRPE_crop/PRPE_0090.jpg,PRPE_crop,4,train
/data/JSM/06_2/ARSS_crop/ARSS_0132.jpg,ARSS_crop,1,train
/data/JSM/06_2/PRDA_crop/PRDA_0078.jpg,PRDA_crop,3,train
/data/JSM/06_2/PJNA_crop/PJNA_0072.jpg,PJNA_crop,2,train
/data/JSM/06_2/ARSS_crop/ARSS_0021.jpg,ARSS_crop,1,train
/data/JSM/06_2/PRDA_crop/PRDA_0107.jpg,PRDA_crop,3,train
/data/JSM/06_2/PRPE_crop/PRPE_0122.jpg,PRPE_crop,4,train
/data/JSM/06_2/ARSS_crop/ARSS_0100.jpg,ARSS_crop,1,train
/data/JSM/06_2/ARSS_crop/ARSS_0057.jpg,ARSS_crop,1,train
/data/JSM/06_2/ARSS_crop/ARSS_0025.jpg,ARSS_crop,1,train
/data/JSM/06_2/PRPE_crop/PRPE_0024.jpg,PRPE_crop,4,train
/data/JSM/06_2/ARSE_crop/ARSE_0095.jpg,ARSE_crop,0,train
/data/JSM/06_2/PJNA_crop/PJNA_0069.jpg,PJNA_crop,2,train
/data/JSM/06_2/ARSS_crop/ARSS_0192.jpg,ARSS_crop,1,train
/data/JSM/06_2/PJNA_crop/PJNA_0215.jpg,PJNA_crop,2,train
/data/JSM/06_2/PJNA_crop/PJNA_0201.jpg,PJNA_crop,2,train
/data/JSM/06_2/PJNA_crop/PJNA_0154.jpg,PJNA_crop,2,train
/data/JSM/06_2/ARSS_crop/ARSS_0040.jpg,ARSS_crop,1,train
/data/JSM/06_2/ARSE_crop/ARSE_0126.jpg,ARSE_crop,0,train
/data/JSM/06_2/PRPE_crop/PRPE_0119.jpg,PRPE_crop,4,train
/data/JSM/06_2/PRPE_crop/PRPE_0164.jpg,PRPE_crop,4,train
/data/JSM/06_2/PRPE_crop/PRPE_0148.jpg,PRPE_crop,4,train
/data/JSM/06_2/ARSE_crop/ARSE_0141.jpg,ARSE_crop,0,train
/data/JSM/06_2/ARSE_crop/ARSE_0053.jpg,ARSE_crop,0,train
/data/JSM/06_2/ARSE_crop/ARSE_0203.jpg,ARSE_crop,0,train
/data/JSM/06_2/ARSS_crop/ARSS_0108.jpg,ARSS_crop,1,train
/data/JSM/06_2/PJNA_crop/PJNA_0213.jpg,PJNA_crop,2,train
/data/JSM/06_2/PJNA_crop/PJNA_0220.jpg,PJNA_crop,2,train
/data/JSM/06_2/PRDA_crop/PRDA_0223.jpg,PRDA_crop,3,train
/data/JSM/06_2/PRPE_crop/PRPE_0002.jpg,PRPE_crop,4,train
/data/JSM/06_2/ARSE_crop/ARSE_0027.jpg,ARSE_crop,0,train
/data/JSM/06_2/ARSE_crop/ARSE_0034.jpg,ARSE_crop,0,train
/data/JSM/06_2/PRDA_crop/PRDA_0051.jpg,PRDA_crop,3,train
/data/JSM/06_2/ARSE_crop/ARSE_0150.jpg,ARSE_crop,0,train
/data/JSM/06_2/PJNA_crop/PJNA_0121.jpg,PJNA_crop,2,train
/data/JSM/06_2/PRDA_crop/PRDA_0021.jpg,PRDA_crop,3,train
/data/JSM/06_2/PRDA_crop/PRDA_0226.jpg,PRDA_crop,3,train
/data/JSM/06_2/PRDA_crop/PRDA_0017.jpg,PRDA_crop,3,train
/data/JSM/06_2/PJNA_crop/PJNA_0050.jpg,PJNA_crop,2,train
/data/JSM/06_2/PJNA_crop/PJNA_0123.jpg,PJNA_crop,2,train
/data/JSM/06_2/ARSS_crop/ARSS_0189.jpg,ARSS_crop,1,train
/data/JSM/06_2/ARSE_crop/ARSE_0009.jpg,ARSE_crop,0,train
/data/JSM/06_2/ARSE_crop/ARSE_0192.jpg,ARSE_crop,0,train
/data/JSM/06_2/PRDA_crop/PRDA_0067.jpg,PRDA_crop,3,train
/data/JSM/06_2/PJNA_crop/PJNA_0139.jpg,PJNA_crop,2,train
/data/JSM/06_2/PJNA_crop/PJNA_0006.jpg,PJNA_crop,2,train
/data/JSM/06_2/PRPE_crop/PRPE_0046.jpg,PRPE_crop,4,train
/data/JSM/06_2/PRDA_crop/PRDA_0198.jpg,PRDA_crop,3,train
/data/JSM/06_2/PRDA_crop/PRDA_0173.jpg,PRDA_crop,3,train
/data/JSM/06_2/PJNA_crop/PJNA_0117.jpg,PJNA_crop,2,train
/data/JSM/06_2/PRDA_crop/PRDA_0221.jpg,PRDA_crop,3,train
/data/JSM/06_2/PJNA_crop/PJNA_0169.jpg,PJNA_crop,2,train
/data/JSM/06_2/ARSE_crop/ARSE_0119.jpg,ARSE_crop,0,train
/data/JSM/06_2/ARSS_crop/ARSS_0078.jpg,ARSS_crop,1,train
/data/JSM/06_2/PRPE_crop/PRPE_0160.jpg,PRPE_crop,4,train
/data/JSM/06_2/PRPE_crop/PRPE_0088.jpg,PRPE_crop,4,train
/data/JSM/06_2/ARSE_crop/ARSE_0166.jpg,ARSE_crop,0,train
/data/JSM/06_2/PRDA_crop/PRDA_0104.jpg,PRDA_crop,3,train
/data/JSM/06_2/PRPE_crop/PRPE_0123.jpg,PRPE_crop,4,train
/data/JSM/06_2/PRPE_crop/PRPE_0083.jpg,PRPE_crop,4,train
/data/JSM/06_2/ARSS_crop/ARSS_0060.jpg,ARSS_crop,1,train
/data/JSM/06_2/PRDA_crop/PRDA_0068.jpg,PRDA_crop,3,train
/data/JSM/06_2/PRPE_crop/PRPE_0012.jpg,PRPE_crop,4,train
/data/JSM/06_2/PRDA_crop/PRDA_0150.jpg,PRDA_crop,3,train
/data/JSM/06_2/PRPE_crop/PRPE_0154.jpg,PRPE_crop,4,train
/data/JSM/06_2/ARSS_crop/ARSS_0209.jpg,ARSS_crop,1,train
/data/JSM/06_2/ARSE_crop/ARSE_0022.jpg,ARSE_crop,0,train
/data/JSM/06_2/PRDA_crop/PRDA_0008.jpg,PRDA_crop,3,train
/data/JSM/06_2/PRPE_crop/PRPE_0103.jpg,PRPE_crop,4,train
/data/JSM/06_2/ARSS_crop/ARSS_0129.jpg,ARSS_crop,1,train
/data/JSM/06_2/ARSE_crop/ARSE_0075.jpg,ARSE_crop,0,train
/data/JSM/06_2/ARSS_crop/ARSS_0136.jpg,ARSS_crop,1,train
/data/JSM/06_2/PRPE_crop/PRPE_0141.jpg,PRPE_crop,4,train
/data/JSM/06_2/ARSS_crop/ARSS_0013.jpg,ARSS_crop,1,train
/data/JSM/06_2/ARSS_crop/ARSS_0075.jpg,ARSS_crop,1,train
/data/JSM/06_2/PRPE_crop/PRPE_0078.jpg,PRPE_crop,4,train
/data/JSM/06_2/ARSS_crop/ARSS_0090.jpg,ARSS_crop,1,train
/data/JSM/06_2/ARSS_crop/ARSS_0208.jpg,ARSS_crop,1,train
/data/JSM/06_2/PRDA_crop/PRDA_0170.jpg,PRDA_crop,3,train
/data/JSM/06_2/PJNA_crop/PJNA_0051.jpg,PJNA_crop,2,train
/data/JSM/06_2/PRDA_crop/PRDA_0148.jpg,PRDA_crop,3,train
/data/JSM/06_2/PRPE_crop/PRPE_0124.jpg,PRPE_crop,4,train
/data/JSM/06_2/ARSS_crop/ARSS_0109.jpg,ARSS_crop,1,train
/data/JSM/06_2/PJNA_crop/PJNA_0125.jpg,PJNA_crop,2,train
/data/JSM/06_2/ARSE_crop/ARSE_0030.jpg,ARSE_crop,0,train
/data/JSM/06_2/PJNA_crop/PJNA_0142.jpg,PJNA_crop,2,train
/data/JSM/06_2/ARSS_crop/ARSS_0071.jpg,ARSS_crop,1,train
/data/JSM/06_2/ARSE_crop/ARSE_0029.jpg,ARSE_crop,0,train
/data/JSM/06_2/ARSS_crop/ARSS_0148.jpg,ARSS_crop,1,train
/data/JSM/06_2/ARSS_crop/ARSS_0134.jpg,ARSS_crop,1,train
/data/JSM/06_2/PJNA_crop/PJNA_0157.jpg,PJNA_crop,2,train
/data/JSM/06_2/PRPE_crop/PRPE_0106.jpg,PRPE_crop,4,train
/data/JSM/06_2/ARSE_crop/ARSE_0114.jpg,ARSE_crop,0,train
/data/JSM/06_2/PJNA_crop/PJNA_0119.jpg,PJNA_crop,2,train
/data/JSM/06_2/PJNA_crop/PJNA_0199.jpg,PJNA_crop,2,train
/data/JSM/06_2/ARSE_crop/ARSE_0136.jpg,ARSE_crop,0,train
/data/JSM/06_2/PJNA_crop/PJNA_0054.jpg,PJNA_crop,2,train
/data/JSM/06_2/ARSS_crop/ARSS_0073.jpg,ARSS_crop,1,train
/data/JSM/06_2/PJNA_crop/PJNA_0077.jpg,PJNA_crop,2,train
/data/JSM/06_2/PRDA_crop/PRDA_0159.jpg,PRDA_crop,3,train
/data/JSM/06_2/PJNA_crop/PJNA_0042.jpg,PJNA_crop,2,train
/data/JSM/06_2/PRPE_crop/PRPE_0200.jpg,PRPE_crop,4,train
/data/JSM/06_2/PRPE_crop/PRPE_0214.jpg,PRPE_crop,4,train
/data/JSM/06_2/PRDA_crop/PRDA_0048.jpg,PRDA_crop,3,train
/data/JSM/06_2/PRPE_crop/PRPE_0101.jpg,PRPE_crop,4,train
/data/JSM/06_2/ARSE_crop/ARSE_0073.jpg,ARSE_crop,0,train
/data/JSM/06_2/PJNA_crop/PJNA_0031.jpg,PJNA_crop,2,train
/data/JSM/06_2/ARSS_crop/ARSS_0170.jpg,ARSS_crop,1,train
/data/JSM/06_2/PRPE_crop/PRPE_0107.jpg,PRPE_crop,4,train
/data/JSM/06_2/PRDA_crop/PRDA_0063.jpg,PRDA_crop,3,train
/data/JSM/06_2/ARSS_crop/ARSS_0151.jpg,ARSS_crop,1,train
/data/JSM/06_2/ARSS_crop/ARSS_0020.jpg,ARSS_crop,1,train
/data/JSM/06_2/ARSE_crop/ARSE_0060.jpg,ARSE_crop,0,train
/data/JSM/06_2/PJNA_crop/PJNA_0158.jpg,PJNA_crop,2,train
/data/JSM/06_2/ARSS_crop/ARSS_0087.jpg,ARSS_crop,1,train
/data/JSM/06_2/PRDA_crop/PRDA_0197.jpg,PRDA_crop,3,train
/data/JSM/06_2/PRDA_crop/PRDA_0022.jpg,PRDA_crop,3,train
/data/JSM/06_2/PRDA_crop/PRDA_0035.jpg,PRDA_crop,3,train
/data/JSM/06_2/PRPE_crop/PRPE_0075.jpg,PRPE_crop,4,train
/data/JSM/06_2/PRPE_crop/PRPE_0225.jpg,PRPE_crop,4,train
/data/JSM/06_2/PRDA_crop/PRDA_0033.jpg,PRDA_crop,3,train
/data/JSM/06_2/PRDA_crop/PRDA_0020.jpg,PRDA_crop,3,train
/data/JSM/06_2/PRDA_crop/PRDA_0085.jpg,PRDA_crop,3,train
/data/JSM/06_2/ARSE_crop/ARSE_0089.jpg,ARSE_crop,0,train
/data/JSM/06_2/PJNA_crop/PJNA_0018.jpg,PJNA_crop,2,train
/data/JSM/06_2/ARSS_crop/ARSS_0131.jpg,ARSS_crop,1,train
/data/JSM/06_2/PJNA_crop/PJNA_0206.jpg,PJNA_crop,2,train
/data/JSM/06_2/PJNA_crop/PJNA_0080.jpg,PJNA_crop,2,train
/data/JSM/06_2/PRPE_crop/PRPE_0042.jpg,PRPE_crop,4,train
/data/JSM/06_2/PJNA_crop/PJNA_0211.jpg,PJNA_crop,2,train
/data/JSM/06_2/PJNA_crop/PJNA_0008.jpg,PJNA_crop,2,train
/data/JSM/06_2/ARSE_crop/ARSE_0016.jpg,ARSE_crop,0,train
/data/JSM/06_2/ARSE_crop/ARSE_0056.jpg,ARSE_crop,0,train
/data/JSM/06_2/ARSE_crop/ARSE_0078.jpg,ARSE_crop,0,train
/data/JSM/06_2/ARSE_crop/ARSE_0039.jpg,ARSE_crop,0,train
/data/JSM/06_2/ARSE_crop/ARSE_0154.jpg,ARSE_crop,0,train
/data/JSM/06_2/PRPE_crop/PRPE_0023.jpg,PRPE_crop,4,train
/data/JSM/06_2/PRPE_crop/PRPE_0135.jpg,PRPE_crop,4,train
/data/JSM/06_2/PJNA_crop/PJNA_0098.jpg,PJNA_crop,2,train
/data/JSM/06_2/PRPE_crop/PRPE_0199.jpg,PRPE_crop,4,train
/data/JSM/06_2/ARSE_crop/ARSE_0072.jpg,ARSE_crop,0,train
/data/JSM/06_2/ARSS_crop/ARSS_0106.jpg,ARSS_crop,1,train
/data/JSM/06_2/PRPE_crop/PRPE_0115.jpg,PRPE_crop,4,train
/data/JSM/06_2/PRPE_crop/PRPE_0031.jpg,PRPE_crop,4,train
/data/JSM/06_2/PRDA_crop/PRDA_0075.jpg,PRDA_crop,3,train
/data/JSM/06_2/ARSS_crop/ARSS_0048.jpg,ARSS_crop,1,train
/data/JSM/06_2/ARSS_crop/ARSS_0155.jpg,ARSS_crop,1,train
/data/JSM/06_2/PRPE_crop/PRPE_0009.jpg,PRPE_crop,4,train
/data/JSM/06_2/PRDA_crop/PRDA_0178.jpg,PRDA_crop,3,train
/data/JSM/06_2/ARSE_crop/ARSE_0101.jpg,ARSE_crop,0,train
/data/JSM/06_2/ARSS_crop/ARSS_0061.jpg,ARSS_crop,1,train
/data/JSM/06_2/PJNA_crop/PJNA_0076.jpg,PJNA_crop,2,train
/data/JSM/06_2/PRPE_crop/PRPE_0016.jpg,PRPE_crop,4,train
/data/JSM/06_2/ARSS_crop/ARSS_0054.jpg,ARSS_crop,1,train
/data/JSM/06_2/ARSS_crop/ARSS_0019.jpg,ARSS_crop,1,train
/data/JSM/06_2/PRDA_crop/PRDA_0113.jpg,PRDA_crop,3,train
/data/JSM/06_2/ARSS_crop/ARSS_0046.jpg,ARSS_crop,1,train
/data/JSM/06_2/PJNA_crop/PJNA_0047.jpg,PJNA_crop,2,train
/data/JSM/06_2/ARSS_crop/ARSS_0058.jpg,ARSS_crop,1,train
/data/JSM/06_2/PRPE_crop/PRPE_0142.jpg,PRPE_crop,4,train
/data/JSM/06_2/PJNA_crop/PJNA_0132.jpg,PJNA_crop,2,train
/data/JSM/06_2/PRPE_crop/PRPE_0146.jpg,PRPE_crop,4,train
/data/JSM/06_2/PRDA_crop/PRDA_0069.jpg,PRDA_crop,3,train
/data/JSM/06_2/ARSE_crop/ARSE_0076.jpg,ARSE_crop,0,train
/data/JSM/06_2/PRDA_crop/PRDA_0057.jpg,PRDA_crop,3,train
/data/JSM/06_2/PJNA_crop/PJNA_0019.jpg,PJNA_crop,2,train
/data/JSM/06_2/PRPE_crop/PRPE_0129.jpg,PRPE_crop,4,train
/data/JSM/06_2/ARSE_crop/ARSE_0051.jpg,ARSE_crop,0,train
/data/JSM/06_2/ARSS_crop/ARSS_0175.jpg,ARSS_crop,1,train
/data/JSM/06_2/ARSE_crop/ARSE_0017.jpg,ARSE_crop,0,train
/data/JSM/06_2/PRDA_crop/PRDA_0207.jpg,PRDA_crop,3,train
/data/JSM/06_2/PJNA_crop/PJNA_0001.jpg,PJNA_crop,2,train
/data/JSM/06_2/PRDA_crop/PRDA_0065.jpg,PRDA_crop,3,train
/data/JSM/06_2/PRPE_crop/PRPE_0019.jpg,PRPE_crop,4,train
/data/JSM/06_2/PRPE_crop/PRPE_0038.jpg,PRPE_crop,4,train
/data/JSM/06_2/PRPE_crop/PRPE_0153.jpg,PRPE_crop,4,train
/data/JSM/06_2/PRPE_crop/PRPE_0223.jpg,PRPE_crop,4,train
/data/JSM/06_2/ARSS_crop/ARSS_0152.jpg,ARSS_crop,1,train
/data/JSM/06_2/PRDA_crop/PRDA_0011.jpg,PRDA_crop,3,train
/data/JSM/06_2/PRPE_crop/PRPE_0178.jpg,PRPE_crop,4,train
/data/JSM/06_2/ARSE_crop/ARSE_0038.jpg,ARSE_crop,0,train
/data/JSM/06_2/ARSE_crop/ARSE_0065.jpg,ARSE_crop,0,train
/data/JSM/06_2/PJNA_crop/PJNA_0056.jpg,PJNA_crop,2,train
/data/JSM/06_2/ARSS_crop/ARSS_0118.jpg,ARSS_crop,1,train
/data/JSM/06_2/PRDA_crop/PRDA_0168.jpg,PRDA_crop,3,train
/data/JSM/06_2/ARSE_crop/ARSE_0041.jpg,ARSE_crop,0,train
/data/JSM/06_2/ARSS_crop/ARSS_0178.jpg,ARSS_crop,1,train
/data/JSM/06_2/ARSS_crop/ARSS_0052.jpg,ARSS_crop,1,train
/data/JSM/06_2/PRDA_crop/PRDA_0103.jpg,PRDA_crop,3,train
/data/JSM/06_2/PRPE_crop/PRPE_0040.jpg,PRPE_crop,4,train
/data/JSM/06_2/PRDA_crop/PRDA_0146.jpg,PRDA_crop,3,train
/data/JSM/06_2/PRPE_crop/PRPE_0232.jpg,PRPE_crop,4,train
/data/JSM/06_2/PRDA_crop/PRDA_0209.jpg,PRDA_crop,3,train
/data/JSM/06_2/PRDA_crop/PRDA_0139.jpg,PRDA_crop,3,train
/data/JSM/06_2/PJNA_crop/PJNA_0071.jpg,PJNA_crop,2,train
/data/JSM/06_2/ARSE_crop/ARSE_0098.jpg,ARSE_crop,0,train
/data/JSM/06_2/ARSE_crop/ARSE_0067.jpg,ARSE_crop,0,train
/data/JSM/06_2/ARSS_crop/ARSS_0024.jpg,ARSS_crop,1,train
/data/JSM/06_2/ARSS_crop/ARSS_0216.jpg,ARSS_crop,1,train
/data/JSM/06_2/PJNA_crop/PJNA_0124.jpg,PJNA_crop,2,train
/data/JSM/06_2/PRPE_crop/PRPE_0060.jpg,PRPE_crop,4,train
/data/JSM/06_2/ARSE_crop/ARSE_0081.jpg,ARSE_crop,0,train
/data/JSM/06_2/PRPE_crop/PRPE_0158.jpg,PRPE_crop,4,train
/data/JSM/06_2/PRDA_crop/PRDA_0136.jpg,PRDA_crop,3,train
/data/JSM/06_2/ARSE_crop/ARSE_0181.jpg,ARSE_crop,0,train
/data/JSM/06_2/ARSS_crop/ARSS_0157.jpg,ARSS_crop,1,train
/data/JSM/06_2/PRDA_crop/PRDA_0097.jpg,PRDA_crop,3,train
/data/JSM/06_2/PJNA_crop/PJNA_0048.jpg,PJNA_crop,2,train
/data/JSM/06_2/ARSS_crop/ARSS_0107.jpg,ARSS_crop,1,train
/data/JSM/06_2/PJNA_crop/PJNA_0193.jpg,PJNA_crop,2,train
/data/JSM/06_2/ARSE_crop/ARSE_0096.jpg,ARSE_crop,0,train
/data/JSM/06_2/PRDA_crop/PRDA_0218.jpg,PRDA_crop,3,train
/data/JSM/06_2/PJNA_crop/PJNA_0035.jpg,PJNA_crop,2,train
/data/JSM/06_2/ARSS_crop/ARSS_0105.jpg,ARSS_crop,1,train
/data/JSM/06_2/ARSS_crop/ARSS_0032.jpg,ARSS_crop,1,train
/data/JSM/06_2/PJNA_crop/PJNA_0134.jpg,PJNA_crop,2,train
/data/JSM/06_2/PRPE_crop/PRPE_0222.jpg,PRPE_crop,4,train
/data/JSM/06_2/PJNA_crop/PJNA_0174.jpg,PJNA_crop,2,train
/data/JSM/06_2/ARSE_crop/ARSE_0036.jpg,ARSE_crop,0,train
/data/JSM/06_2/PRDA_crop/PRDA_0205.jpg,PRDA_crop,3,train
/data/JSM/06_2/ARSS_crop/ARSS_0111.jpg,ARSS_crop,1,train
/data/JSM/06_2/PRPE_crop/PRPE_0220.jpg,PRPE_crop,4,train
/data/JSM/06_2/PJNA_crop/PJNA_0020.jpg,PJNA_crop,2,train
/data/JSM/06_2/PRDA_crop/PRDA_0090.jpg,PRDA_crop,3,train
/data/JSM/06_2/PRDA_crop/PRDA_0037.jpg,PRDA_crop,3,train
/data/JSM/06_2/PRPE_crop/PRPE_0127.jpg,PRPE_crop,4,train
/data/JSM/06_2/PRPE_crop/PRPE_0137.jpg,PRPE_crop,4,train
/data/JSM/06_2/PRDA_crop/PRDA_0086.jpg,PRDA_crop,3,train
/data/JSM/06_2/PJNA_crop/PJNA_0168.jpg,PJNA_crop,2,train
/data/JSM/06_2/PJNA_crop/PJNA_0133.jpg,PJNA_crop,2,train
/data/JSM/06_2/ARSE_crop/ARSE_0005.jpg,ARSE_crop,0,train
/data/JSM/06_2/PRPE_crop/PRPE_0109.jpg,PRPE_crop,4,train
/data/JSM/06_2/ARSS_crop/ARSS_0125.jpg,ARSS_crop,1,train
/data/JSM/06_2/PRPE_crop/PRPE_0015.jpg,PRPE_crop,4,train
/data/JSM/06_2/PRDA_crop/PRDA_0130.jpg,PRDA_crop,3,train
/data/JSM/06_2/PRPE_crop/PRPE_0236.jpg,PRPE_crop,4,train
/data/JSM/06_2/ARSS_crop/ARSS_0082.jpg,ARSS_crop,1,train
/data/JSM/06_2/ARSS_crop/ARSS_0212.jpg,ARSS_crop,1,train
/data/JSM/06_2/PJNA_crop/PJNA_0136.jpg,PJNA_crop,2,train
/data/JSM/06_2/PRPE_crop/PRPE_0037.jpg,PRPE_crop,4,train
/data/JSM/06_2/PRPE_crop/PRPE_0011.jpg,PRPE_crop,4,train
/data/JSM/06_2/ARSS_crop/ARSS_0205.jpg,ARSS_crop,1,train
/data/JSM/06_2/PRDA_crop/PRDA_0093.jpg,PRDA_crop,3,train
/data/JSM/06_2/ARSS_crop/ARSS_0074.jpg,ARSS_crop,1,train
/data/JSM/06_2/ARSE_crop/ARSE_0145.jpg,ARSE_crop,0,train
/data/JSM/06_2/PRDA_crop/PRDA_0094.jpg,PRDA_crop,3,train
/data/JSM/06_2/ARSE_crop/ARSE_0085.jpg,ARSE_crop,0,train
/data/JSM/06_2/ARSS_crop/ARSS_0070.jpg,ARSS_crop,1,train
/data/JSM/06_2/PRDA_crop/PRDA_0186.jpg,PRDA_crop,3,train
/data/JSM/06_2/PRDA_crop/PRDA_0119.jpg,PRDA_crop,3,train
/data/JSM/06_2/PRPE_crop/PRPE_0026.jpg,PRPE_crop,4,train
/data/JSM/06_2/ARSE_crop/ARSE_0055.jpg,ARSE_crop,0,train
/data/JSM/06_2/ARSE_crop/ARSE_0044.jpg,ARSE_crop,0,train
/data/JSM/06_2/PJNA_crop/PJNA_0058.jpg,PJNA_crop,2,train
/data/JSM/06_2/PRDA_crop/PRDA_0179.jpg,PRDA_crop,3,train
/data/JSM/06_2/PJNA_crop/PJNA_0090.jpg,PJNA_crop,2,train
/data/JSM/06_2/PJNA_crop/PJNA_0140.jpg,PJNA_crop,2,train
/data/JSM/06_2/PRDA_crop/PRDA_0028.jpg,PRDA_crop,3,train
/data/JSM/06_2/ARSE_crop/ARSE_0084.jpg,ARSE_crop,0,train
/data/JSM/06_2/PRPE_crop/PRPE_0057.jpg,PRPE_crop,4,train
/data/JSM/06_2/PRDA_crop/PRDA_0023.jpg,PRDA_crop,3,train
/data/JSM/06_2/ARSS_crop/ARSS_0181.jpg,ARSS_crop,1,train
/data/JSM/06_2/PRPE_crop/PRPE_0235.jpg,PRPE_crop,4,train
/data/JSM/06_2/PJNA_crop/PJNA_0217.jpg,PJNA_crop,2,train
/data/JSM/06_2/ARSS_crop/ARSS_0126.jpg,ARSS_crop,1,train
/data/JSM/06_2/PRPE_crop/PRPE_0174.jpg,PRPE_crop,4,train
/data/JSM/06_2/PRDA_crop/PRDA_0184.jpg,PRDA_crop,3,train
/data/JSM/06_2/ARSE_crop/ARSE_0064.jpg,ARSE_crop,0,train
/data/JSM/06_2/ARSS_crop/ARSS_0130.jpg,ARSS_crop,1,train
/data/JSM/06_2/PRDA_crop/PRDA_0216.jpg,PRDA_crop,3,train
/data/JSM/06_2/ARSE_crop/ARSE_0196.jpg,ARSE_crop,0,train
/data/JSM/06_2/ARSS_crop/ARSS_0091.jpg,ARSS_crop,1,train
/data/JSM/06_2/PRDA_crop/PRDA_0147.jpg,PRDA_crop,3,train
/data/JSM/06_2/PJNA_crop/PJNA_0081.jpg,PJNA_crop,2,train
/data/JSM/06_2/PJNA_crop/PJNA_0030.jpg,PJNA_crop,2,train
/data/JSM/06_2/ARSE_crop/ARSE_0035.jpg,ARSE_crop,0,train
/data/JSM/06_2/ARSS_crop/ARSS_0036.jpg,ARSS_crop,1,train
/data/JSM/06_2/PRDA_crop/PRDA_0175.jpg,PRDA_crop,3,train
/data/JSM/06_2/PRPE_crop/PRPE_0001.jpg,PRPE_crop,4,train
/data/JSM/06_2/PRPE_crop/PRPE_0070.jpg,PRPE_crop,4,train
/data/JSM/06_2/ARSS_crop/ARSS_0016.jpg,ARSS_crop,1,train
/data/JSM/06_2/PRDA_crop/PRDA_0165.jpg,PRDA_crop,3,train
/data/JSM/06_2/ARSE_crop/ARSE_0059.jpg,ARSE_crop,0,train
/data/JSM/06_2/PRDA_crop/PRDA_0149.jpg,PRDA_crop,3,train
/data/JSM/06_2/PRDA_crop/PRDA_0227.jpg,PRDA_crop,3,train
/data/JSM/06_2/ARSE_crop/ARSE_0185.jpg,ARSE_crop,0,train
/data/JSM/06_2/PRPE_crop/PRPE_0047.jpg,PRPE_crop,4,train
/data/JSM/06_2/ARSS_crop/ARSS_0204.jpg,ARSS_crop,1,train
/data/JSM/06_2/PRPE_crop/PRPE_0006.jpg,PRPE_crop,4,train
/data/JSM/06_2/PJNA_crop/PJNA_0039.jpg,PJNA_crop,2,train
/data/JSM/06_2/PRDA_crop/PRDA_0044.jpg,PRDA_crop,3,train
/data/JSM/06_2/PJNA_crop/PJNA_0208.jpg,PJNA_crop,2,train
/data/JSM/06_2/PRDA_crop/PRDA_0039.jpg,PRDA_crop,3,train
/data/JSM/06_2/PJNA_crop/PJNA_0064.jpg,PJNA_crop,2,train
/data/JSM/06_2/PRDA_crop/PRDA_0005.jpg,PRDA_crop,3,train
/data/JSM/06_2/ARSE_crop/ARSE_0143.jpg,ARSE_crop,0,train
/data/JSM/06_2/ARSE_crop/ARSE_0011.jpg,ARSE_crop,0,train
/data/JSM/06_2/ARSE_crop/ARSE_0147.jpg,ARSE_crop,0,train
/data/JSM/06_2/PRPE_crop/PRPE_0187.jpg,PRPE_crop,4,train
/data/JSM/06_2/PRPE_crop/PRPE_0132.jpg,PRPE_crop,4,train
/data/JSM/06_2/PRPE_crop/PRPE_0099.jpg,PRPE_crop,4,train
/data/JSM/06_2/PRPE_crop/PRPE_0237.jpg,PRPE_crop,4,train
/data/JSM/06_2/PRPE_crop/PRPE_0080.jpg,PRPE_crop,4,train
/data/JSM/06_2/ARSE_crop/ARSE_0068.jpg,ARSE_crop,0,train
/data/JSM/06_2/ARSS_crop/ARSS_0164.jpg,ARSS_crop,1,train
/data/JSM/06_2/PRDA_crop/PRDA_0219.jpg,PRDA_crop,3,train
/data/JSM/06_2/ARSS_crop/ARSS_0099.jpg,ARSS_crop,1,train
/data/JSM/06_2/PRPE_crop/PRPE_0159.jpg,PRPE_crop,4,train
/data/JSM/06_2/ARSS_crop/ARSS_0022.jpg,ARSS_crop,1,train
/data/JSM/06_2/PJNA_crop/PJNA_0165.jpg,PJNA_crop,2,train
/data/JSM/06_2/ARSS_crop/ARSS_0000.jpg,ARSS_crop,1,train
/data/JSM/06_2/PJNA_crop/PJNA_0083.jpg,PJNA_crop,2,train
/data/JSM/06_2/ARSE_crop/ARSE_0004.jpg,ARSE_crop,0,train
/data/JSM/06_2/PRDA_crop/PRDA_0042.jpg,PRDA_crop,3,train
/data/JSM/06_2/PJNA_crop/PJNA_0096.jpg,PJNA_crop,2,train
/data/JSM/06_2/PRPE_crop/PRPE_0207.jpg,PRPE_crop,4,train
/data/JSM/06_2/ARSS_crop/ARSS_0172.jpg,ARSS_crop,1,train
/data/JSM/06_2/PRPE_crop/PRPE_0062.jpg,PRPE_crop,4,train
/data/JSM/06_2/PRDA_crop/PRDA_0054.jpg,PRDA_crop,3,train
/data/JSM/06_2/PRPE_crop/PRPE_0140.jpg,PRPE_crop,4,train
/data/JSM/06_2/ARSE_crop/ARSE_0104.jpg,ARSE_crop,0,train
/data/JSM/06_2/PRDA_crop/PRDA_0122.jpg,PRDA_crop,3,train
/data/JSM/06_2/PRDA_crop/PRDA_0110.jpg,PRDA_crop,3,train
/data/JSM/06_2/ARSS_crop/ARSS_0194.jpg,ARSS_crop,1,train
/data/JSM/06_2/ARSS_crop/ARSS_0119.jpg,ARSS_crop,1,train
/data/JSM/06_2/PRDA_crop/PRDA_0099.jpg,PRDA_crop,3,train
/data/JSM/06_2/PRPE_crop/PRPE_0087.jpg,PRPE_crop,4,train
/data/JSM/06_2/PRDA_crop/PRDA_0124.jpg,PRDA_crop,3,train
/data/JSM/06_2/PRPE_crop/PRPE_0226.jpg,PRPE_crop,4,train
/data/JSM/06_2/ARSE_crop/ARSE_0142.jpg,ARSE_crop,0,train
/data/JSM/06_2/PJNA_crop/PJNA_0087.jpg,PJNA_crop,2,train
/data/JSM/06_2/PJNA_crop/PJNA_0005.jpg,PJNA_crop,2,train
/data/JSM/06_2/PJNA_crop/PJNA_0004.jpg,PJNA_crop,2,train
/data/JSM/06_2/ARSS_crop/ARSS_0211.jpg,ARSS_crop,1,train
/data/JSM/06_2/PRDA_crop/PRDA_0058.jpg,PRDA_crop,3,train
/data/JSM/06_2/ARSS_crop/ARSS_0166.jpg,ARSS_crop,1,train
/data/JSM/06_2/PJNA_crop/PJNA_0173.jpg,PJNA_crop,2,train
/data/JSM/06_2/ARSE_crop/ARSE_0105.jpg,ARSE_crop,0,train
/data/JSM/06_2/PRPE_crop/PRPE_0201.jpg,PRPE_crop,4,train
/data/JSM/06_2/ARSE_crop/ARSE_0100.jpg,ARSE_crop,0,train
/data/JSM/06_2/PJNA_crop/PJNA_0002.jpg,PJNA_crop,2,train
/data/JSM/06_2/ARSS_crop/ARSS_0098.jpg,ARSS_crop,1,train
/data/JSM/06_2/PRPE_crop/PRPE_0105.jpg,PRPE_crop,4,train
/data/JSM/06_2/ARSS_crop/ARSS_0179.jpg,ARSS_crop,1,train
/data/JSM/06_2/PJNA_crop/PJNA_0059.jpg,PJNA_crop,2,train
/data/JSM/06_2/PRPE_crop/PRPE_0052.jpg,PRPE_crop,4,train
/data/JSM/06_2/PJNA_crop/PJNA_0105.jpg,PJNA_crop,2,train
/data/JSM/06_2/ARSS_crop/ARSS_0034.jpg,ARSS_crop,1,train
/data/JSM/06_2/ARSS_crop/ARSS_0094.jpg,ARSS_crop,1,train
/data/JSM/06_2/PRDA_crop/PRDA_0079.jpg,PRDA_crop,3,train
/data/JSM/06_2/PRDA_crop/PRDA_0204.jpg,PRDA_crop,3,train
/data/JSM/06_2/PRDA_crop/PRDA_0038.jpg,PRDA_crop,3,train
/data/JSM/06_2/PRPE_crop/PRPE_0036.jpg,PRPE_crop,4,train
/data/JSM/06_2/PJNA_crop/PJNA_0049.jpg,PJNA_crop,2,train
/data/JSM/06_2/ARSS_crop/ARSS_0018.jpg,ARSS_crop,1,train
/data/JSM/06_2/PRPE_crop/PRPE_0126.jpg,PRPE_crop,4,train
/data/JSM/06_2/ARSS_crop/ARSS_0066.jpg,ARSS_crop,1,train
/data/JSM/06_2/PJNA_crop/PJNA_0065.jpg,PJNA_crop,2,train
/data/JSM/06_2/PRDA_crop/PRDA_0213.jpg,PRDA_crop,3,train
/data/JSM/06_2/ARSS_crop/ARSS_0133.jpg,ARSS_crop,1,train
/data/JSM/06_2/ARSS_crop/ARSS_0161.jpg,ARSS_crop,1,train
/data/JSM/06_2/PRDA_crop/PRDA_0082.jpg,PRDA_crop,3,train
/data/JSM/06_2/PRDA_crop/PRDA_0073.jpg,PRDA_crop,3,train
/data/JSM/06_2/PJNA_crop/PJNA_0227.jpg,PJNA_crop,2,train
/data/JSM/06_2/PJNA_crop/PJNA_0104.jpg,PJNA_crop,2,train
/data/JSM/06_2/PRDA_crop/PRDA_0137.jpg,PRDA_crop,3,train
/data/JSM/06_2/PRPE_crop/PRPE_0163.jpg,PRPE_crop,4,train
/data/JSM/06_2/PJNA_crop/PJNA_0150.jpg,PJNA_crop,2,train
/data/JSM/06_2/PRPE_crop/PRPE_0102.jpg,PRPE_crop,4,train
/data/JSM/06_2/PJNA_crop/PJNA_0160.jpg,PJNA_crop,2,train
/data/JSM/06_2/PRDA_crop/PRDA_0162.jpg,PRDA_crop,3,train
/data/JSM/06_2/PRDA_crop/PRDA_0143.jpg,PRDA_crop,3,train
/data/JSM/06_2/PRDA_crop/PRDA_0153.jpg,PRDA_crop,3,train
/data/JSM/06_2/PRPE_crop/PRPE_0121.jpg,PRPE_crop,4,train
/data/JSM/06_2/ARSS_crop/ARSS_0009.jpg,ARSS_crop,1,train
/data/JSM/06_2/ARSS_crop/ARSS_0149.jpg,ARSS_crop,1,train
/data/JSM/06_2/PRDA_crop/PRDA_0003.jpg,PRDA_crop,3,train
/data/JSM/06_2/PRDA_crop/PRDA_0111.jpg,PRDA_crop,3,train
/data/JSM/06_2/ARSS_crop/ARSS_0055.jpg,ARSS_crop,1,train
/data/JSM/06_2/ARSE_crop/ARSE_0110.jpg,ARSE_crop,0,train
/data/JSM/06_2/ARSE_crop/ARSE_0013.jpg,ARSE_crop,0,train
/data/JSM/06_2/PRPE_crop/PRPE_0027.jpg,PRPE_crop,4,train
/data/JSM/06_2/ARSS_crop/ARSS_0003.jpg,ARSS_crop,1,train
/data/JSM/06_2/PJNA_crop/PJNA_0113.jpg,PJNA_crop,2,train
/data/JSM/06_2/PRPE_crop/PRPE_0028.jpg,PRPE_crop,4,train
/data/JSM/06_2/PJNA_crop/PJNA_0044.jpg,PJNA_crop,2,train
/data/JSM/06_2/PJNA_crop/PJNA_0144.jpg,PJNA_crop,2,train
/data/JSM/06_2/ARSS_crop/ARSS_0174.jpg,ARSS_crop,1,train
/data/JSM/06_2/PRPE_crop/PRPE_0192.jpg,PRPE_crop,4,train
/data/JSM/06_2/PRDA_crop/PRDA_0208.jpg,PRDA_crop,3,train
/data/JSM/06_2/PRPE_crop/PRPE_0139.jpg,PRPE_crop,4,train
/data/JSM/06_2/PJNA_crop/PJNA_0162.jpg,PJNA_crop,2,train
/data/JSM/06_2/ARSS_crop/ARSS_0059.jpg,ARSS_crop,1,train
/data/JSM/06_2/PRPE_crop/PRPE_0085.jpg,PRPE_crop,4,train
/data/JSM/06_2/ARSS_crop/ARSS_0017.jpg,ARSS_crop,1,train
/data/JSM/06_2/ARSE_crop/ARSE_0077.jpg,ARSE_crop,0,train
/data/JSM/06_2/PRDA_crop/PRDA_0000.jpg,PRDA_crop,3,train
/data/JSM/06_2/ARSE_crop/ARSE_0152.jpg,ARSE_crop,0,train
/data/JSM/06_2/PRPE_crop/PRPE_0217.jpg,PRPE_crop,4,train
/data/JSM/06_2/ARSE_crop/ARSE_0024.jpg,ARSE_crop,0,train
/data/JSM/06_2/PRDA_crop/PRDA_0174.jpg,PRDA_crop,3,train
/data/JSM/06_2/PJNA_crop/PJNA_0074.jpg,PJNA_crop,2,train
/data/JSM/06_2/PRDA_crop/PRDA_0088.jpg,PRDA_crop,3,train
/data/JSM/06_2/PRDA_crop/PRDA_0077.jpg,PRDA_crop,3,train
/data/JSM/06_2/ARSE_crop/ARSE_0127.jpg,ARSE_crop,0,train
/data/JSM/06_2/PJNA_crop/PJNA_0148.jpg,PJNA_crop,2,train
/data/JSM/06_2/PRPE_crop/PRPE_0138.jpg,PRPE_crop,4,train
/data/JSM/06_2/ARSS_crop/ARSS_0077.jpg,ARSS_crop,1,train
/data/JSM/06_2/PJNA_crop/PJNA_0204.jpg,PJNA_crop,2,train
/data/JSM/06_2/PJNA_crop/PJNA_0171.jpg,PJNA_crop,2,train
/data/JSM/06_2/ARSE_crop/ARSE_0026.jpg,ARSE_crop,0,train
/data/JSM/06_2/ARSS_crop/ARSS_0006.jpg,ARSS_crop,1,train
/data/JSM/06_2/ARSS_crop/ARSS_0080.jpg,ARSS_crop,1,train
/data/JSM/06_2/PRDA_crop/PRDA_0141.jpg,PRDA_crop,3,train
/data/JSM/06_2/PRPE_crop/PRPE_0162.jpg,PRPE_crop,4,train
/data/JSM/06_2/ARSE_crop/ARSE_0164.jpg,ARSE_crop,0,train
/data/JSM/06_2/PJNA_crop/PJNA_0007.jpg,PJNA_crop,2,train
/data/JSM/06_2/PRDA_crop/PRDA_0014.jpg,PRDA_crop,3,train
/data/JSM/06_2/PRPE_crop/PRPE_0079.jpg,PRPE_crop,4,train
/data/JSM/06_2/PRDA_crop/PRDA_0126.jpg,PRDA_crop,3,train
/data/JSM/06_2/ARSE_crop/ARSE_0153.jpg,ARSE_crop,0,train
/data/JSM/06_2/PRPE_crop/PRPE_0191.jpg,PRPE_crop,4,train
/data/JSM/06_2/ARSS_crop/ARSS_0137.jpg,ARSS_crop,1,train
/data/JSM/06_2/PJNA_crop/PJNA_0127.jpg,PJNA_crop,2,train
/data/JSM/06_2/ARSE_crop/ARSE_0006.jpg,ARSE_crop,0,train
/data/JSM/06_2/PJNA_crop/PJNA_0012.jpg,PJNA_crop,2,train
/data/JSM/06_2/PRPE_crop/PRPE_0131.jpg,PRPE_crop,4,train
/data/JSM/06_2/ARSS_crop/ARSS_0154.jpg,ARSS_crop,1,train
/data/JSM/06_2/ARSE_crop/ARSE_0032.jpg,ARSE_crop,0,train
/data/JSM/06_2/PRPE_crop/PRPE_0056.jpg,PRPE_crop,4,train
/data/JSM/06_2/PJNA_crop/PJNA_0089.jpg,PJNA_crop,2,train
/data/JSM/06_2/ARSE_crop/ARSE_0155.jpg,ARSE_crop,0,train
/data/JSM/06_2/ARSE_crop/ARSE_0045.jpg,ARSE_crop,0,train
/data/JSM/06_2/PRPE_crop/PRPE_0228.jpg,PRPE_crop,4,train
/data/JSM/06_2/PRPE_crop/PRPE_0173.jpg,PRPE_crop,4,train
/data/JSM/06_2/PRDA_crop/PRDA_0169.jpg,PRDA_crop,3,train
/data/JSM/06_2/ARSE_crop/ARSE_0144.jpg,ARSE_crop,0,train
/data/JSM/06_2/ARSS_crop/ARSS_0201.jpg,ARSS_crop,1,train
/data/JSM/06_2/PRDA_crop/PRDA_0127.jpg,PRDA_crop,3,train
/data/JSM/06_2/PRDA_crop/PRDA_0128.jpg,PRDA_crop,3,train
/data/JSM/06_2/PRPE_crop/PRPE_0231.jpg,PRPE_crop,4,train
/data/JSM/06_2/ARSE_crop/ARSE_0140.jpg,ARSE_crop,0,train
/data/JSM/06_2/PRPE_crop/PRPE_0008.jpg,PRPE_crop,4,train
/data/JSM/06_2/PJNA_crop/PJNA_0082.jpg,PJNA_crop,2,train
/data/JSM/06_2/ARSE_crop/ARSE_0083.jpg,ARSE_crop,0,train
/data/JSM/06_2/PRPE_crop/PRPE_0216.jpg,PRPE_crop,4,train
/data/JSM/06_2/PJNA_crop/PJNA_0225.jpg,PJNA_crop,2,train
/data/JSM/06_2/PJNA_crop/PJNA_0063.jpg,PJNA_crop,2,train
/data/JSM/06_2/PJNA_crop/PJNA_0043.jpg,PJNA_crop,2,train
/data/JSM/06_2/PRPE_crop/PRPE_0175.jpg,PRPE_crop,4,train
/data/JSM/06_2/PRPE_crop/PRPE_0125.jpg,PRPE_crop,4,train
/data/JSM/06_2/PJNA_crop/PJNA_0214.jpg,PJNA_crop,2,train
/data/JSM/06_2/PRPE_crop/PRPE_0198.jpg,PRPE_crop,4,train
/data/JSM/06_2/PRPE_crop/PRPE_0152.jpg,PRPE_crop,4,train
/data/JSM/06_2/ARSS_crop/ARSS_0141.jpg,ARSS_crop,1,train
/data/JSM/06_2/ARSS_crop/ARSS_0222.jpg,ARSS_crop,1,train
/data/JSM/06_2/ARSE_crop/ARSE_0125.jpg,ARSE_crop,0,train
/data/JSM/06_2/PJNA_crop/PJNA_0141.jpg,PJNA_crop,2,train
/data/JSM/06_2/PRDA_crop/PRDA_0134.jpg,PRDA_crop,3,train
/data/JSM/06_2/PRPE_crop/PRPE_0195.jpg,PRPE_crop,4,train
/data/JSM/06_2/ARSE_crop/ARSE_0033.jpg,ARSE_crop,0,train
/data/JSM/06_2/ARSS_crop/ARSS_0198.jpg,ARSS_crop,1,train
/data/JSM/06_2/ARSS_crop/ARSS_0079.jpg,ARSS_crop,1,train
/data/JSM/06_2/ARSS_crop/ARSS_0188.jpg,ARSS_crop,1,train
/data/JSM/06_2/PRPE_crop/PRPE_0096.jpg,PRPE_crop,4,train
/data/JSM/06_2/PJNA_crop/PJNA_0066.jpg,PJNA_crop,2,train
/data/JSM/06_2/ARSE_crop/ARSE_0191.jpg,ARSE_crop,0,train
/data/JSM/06_2/PRPE_crop/PRPE_0133.jpg,PRPE_crop,4,train
/data/JSM/06_2/ARSE_crop/ARSE_0080.jpg,ARSE_crop,0,train
/data/JSM/06_2/PRDA_crop/PRDA_0084.jpg,PRDA_crop,3,train
/data/JSM/06_2/PRPE_crop/PRPE_0156.jpg,PRPE_crop,4,train
/data/JSM/06_2/ARSS_crop/ARSS_0101.jpg,ARSS_crop,1,train
/data/JSM/06_2/PJNA_crop/PJNA_0010.jpg,PJNA_crop,2,train
/data/JSM/06_2/ARSE_crop/ARSE_0023.jpg,ARSE_crop,0,train
/data/JSM/06_2/PRDA_crop/PRDA_0047.jpg,PRDA_crop,3,train
/data/JSM/06_2/PRDA_crop/PRDA_0006.jpg,PRDA_crop,3,train
/data/JSM/06_2/PRDA_crop/PRDA_0192.jpg,PRDA_crop,3,train
/data/JSM/06_2/PRPE_crop/PRPE_0066.jpg,PRPE_crop,4,train
/data/JSM/06_2/PJNA_crop/PJNA_0207.jpg,PJNA_crop,2,train
/data/JSM/06_2/PJNA_crop/PJNA_0070.jpg,PJNA_crop,2,train
/data/JSM/06_2/ARSS_crop/ARSS_0043.jpg,ARSS_crop,1,train
/data/JSM/06_2/PRDA_crop/PRDA_0062.jpg,PRDA_crop,3,train
/data/JSM/06_2/ARSS_crop/ARSS_0030.jpg,ARSS_crop,1,train
/data/JSM/06_2/PRDA_crop/PRDA_0120.jpg,PRDA_crop,3,train
/data/JSM/06_2/ARSS_crop/ARSS_0026.jpg,ARSS_crop,1,train
/data/JSM/06_2/ARSE_crop/ARSE_0168.jpg,ARSE_crop,0,train
/data/JSM/06_2/PRPE_crop/PRPE_0021.jpg,PRPE_crop,4,train
/data/JSM/06_2/PRDA_crop/PRDA_0083.jpg,PRDA_crop,3,train
/data/JSM/06_2/PRDA_crop/PRDA_0041.jpg,PRDA_crop,3,train
/data/JSM/06_2/PRDA_crop/PRDA_0013.jpg,PRDA_crop,3,train
/data/JSM/06_2/PJNA_crop/PJNA_0040.jpg,PJNA_crop,2,train
/data/JSM/06_2/ARSE_crop/ARSE_0091.jpg,ARSE_crop,0,train
/data/JSM/06_2/PRDA_crop/PRDA_0031.jpg,PRDA_crop,3,train
/data/JSM/06_2/ARSE_crop/ARSE_0018.jpg,ARSE_crop,0,train
/data/JSM/06_2/ARSE_crop/ARSE_0202.jpg,ARSE_crop,0,train
/data/JSM/06_2/ARSE_crop/ARSE_0146.jpg,ARSE_crop,0,train
/data/JSM/06_2/PJNA_crop/PJNA_0181.jpg,PJNA_crop,2,train
/data/JSM/06_2/ARSE_crop/ARSE_0066.jpg,ARSE_crop,0,train
/data/JSM/06_2/PRPE_crop/PRPE_0084.jpg,PRPE_crop,4,train
/data/JSM/06_2/ARSE_crop/ARSE_0161.jpg,ARSE_crop,0,train
/data/JSM/06_2/PRPE_crop/PRPE_0076.jpg,PRPE_crop,4,train
/data/JSM/06_2/PRDA_crop/PRDA_0024.jpg,PRDA_crop,3,train
/data/JSM/06_2/ARSE_crop/ARSE_0109.jpg,ARSE_crop,0,train
/data/JSM/06_2/ARSE_crop/ARSE_0097.jpg,ARSE_crop,0,train
/data/JSM/06_2/PJNA_crop/PJNA_0052.jpg,PJNA_crop,2,train
/data/JSM/06_2/PRPE_crop/PRPE_0185.jpg,PRPE_crop,4,train
/data/JSM/06_2/ARSE_crop/ARSE_0132.jpg,ARSE_crop,0,train
/data/JSM/06_2/PJNA_crop/PJNA_0114.jpg,PJNA_crop,2,train
/data/JSM/06_2/ARSS_crop/ARSS_0162.jpg,ARSS_crop,1,train
/data/JSM/06_2/ARSS_crop/ARSS_0117.jpg,ARSS_crop,1,train
/data/JSM/06_2/ARSS_crop/ARSS_0187.jpg,ARSS_crop,1,train
/data/JSM/06_2/PJNA_crop/PJNA_0180.jpg,PJNA_crop,2,train
/data/JSM/06_2/ARSS_crop/ARSS_0027.jpg,ARSS_crop,1,train
/data/JSM/06_2/ARSS_crop/ARSS_0104.jpg,ARSS_crop,1,train
/data/JSM/06_2/PRDA_crop/PRDA_0030.jpg,PRDA_crop,3,train
/data/JSM/06_2/PJNA_crop/PJNA_0151.jpg,PJNA_crop,2,train
/data/JSM/06_2/PRDA_crop/PRDA_0070.jpg,PRDA_crop,3,train
/data/JSM/06_2/ARSS_crop/ARSS_0033.jpg,ARSS_crop,1,train
/data/JSM/06_2/ARSE_crop/ARSE_0118.jpg,ARSE_crop,0,train
/data/JSM/06_2/PRPE_crop/PRPE_0114.jpg,PRPE_crop,4,train
/data/JSM/06_2/ARSE_crop/ARSE_0108.jpg,ARSE_crop,0,train
/data/JSM/06_2/ARSE_crop/ARSE_0128.jpg,ARSE_crop,0,train
/data/JSM/06_2/PRDA_crop/PRDA_0016.jpg,PRDA_crop,3,train
/data/JSM/06_2/ARSE_crop/ARSE_0008.jpg,ARSE_crop,0,train
/data/JSM/06_2/PRPE_crop/PRPE_0081.jpg,PRPE_crop,4,train
/data/JSM/06_2/PRDA_crop/PRDA_0125.jpg,PRDA_crop,3,train
/data/JSM/06_2/ARSS_crop/ARSS_0110.jpg,ARSS_crop,1,train
/data/JSM/06_2/PJNA_crop/PJNA_0183.jpg,PJNA_crop,2,train
/data/JSM/06_2/PJNA_crop/PJNA_0212.jpg,PJNA_crop,2,train
/data/JSM/06_2/PRPE_crop/PRPE_0196.jpg,PRPE_crop,4,train
/data/JSM/06_2/ARSE_crop/ARSE_0090.jpg,ARSE_crop,0,train
/data/JSM/06_2/ARSS_crop/ARSS_0012.jpg,ARSS_crop,1,train
/data/JSM/06_2/PRPE_crop/PRPE_0134.jpg,PRPE_crop,4,train
/data/JSM/06_2/ARSS_crop/ARSS_0062.jpg,ARSS_crop,1,train
/data/JSM/06_2/ARSS_crop/ARSS_0210.jpg,ARSS_crop,1,train
/data/JSM/06_2/PRDA_crop/PRDA_0157.jpg,PRDA_crop,3,train
/data/JSM/06_2/PJNA_crop/PJNA_0163.jpg,PJNA_crop,2,train
/data/JSM/06_2/ARSE_crop/ARSE_0184.jpg,ARSE_crop,0,train
/data/JSM/06_2/PJNA_crop/PJNA_0061.jpg,PJNA_crop,2,train
/data/JSM/06_2/PRDA_crop/PRDA_0010.jpg,PRDA_crop,3,train
/data/JSM/06_2/PRPE_crop/PRPE_0190.jpg,PRPE_crop,4,train
/data/JSM/06_2/PJNA_crop/PJNA_0159.jpg,PJNA_crop,2,train
/data/JSM/06_2/PRPE_crop/PRPE_0091.jpg,PRPE_crop,4,train
/data/JSM/06_2/PJNA_crop/PJNA_0198.jpg,PJNA_crop,2,train
/data/JSM/06_2/ARSE_crop/ARSE_0137.jpg,ARSE_crop,0,train
/data/JSM/06_2/PRDA_crop/PRDA_0224.jpg,PRDA_crop,3,train
/data/JSM/06_2/PRPE_crop/PRPE_0182.jpg,PRPE_crop,4,train
/data/JSM/06_2/PRDA_crop/PRDA_0194.jpg,PRDA_crop,3,train
/data/JSM/06_2/PJNA_crop/PJNA_0187.jpg,PJNA_crop,2,train
/data/JSM/06_2/PRDA_crop/PRDA_0161.jpg,PRDA_crop,3,train
/data/JSM/06_2/ARSE_crop/ARSE_0190.jpg,ARSE_crop,0,train
/data/JSM/06_2/ARSE_crop/ARSE_0002.jpg,ARSE_crop,0,train
/data/JSM/06_2/ARSE_crop/ARSE_0007.jpg,ARSE_crop,0,train
/data/JSM/06_2/PRDA_crop/PRDA_0071.jpg,PRDA_crop,3,train
/data/JSM/06_2/ARSS_crop/ARSS_0139.jpg,ARSS_crop,1,train
/data/JSM/06_2/ARSE_crop/ARSE_0159.jpg,ARSE_crop,0,train
/data/JSM/06_2/PRPE_crop/PRPE_0218.jpg,PRPE_crop,4,train
/data/JSM/06_2/PRPE_crop/PRPE_0116.jpg,PRPE_crop,4,train
/data/JSM/06_2/PRPE_crop/PRPE_0064.jpg,PRPE_crop,4,train
/data/JSM/06_2/ARSS_crop/ARSS_0102.jpg,ARSS_crop,1,train
/data/JSM/06_2/PJNA_crop/PJNA_0034.jpg,PJNA_crop,2,train
/data/JSM/06_2/PJNA_crop/PJNA_0192.jpg,PJNA_crop,2,train
/data/JSM/06_2/PJNA_crop/PJNA_0057.jpg,PJNA_crop,2,train
/data/JSM/06_2/ARSE_crop/ARSE_0183.jpg,ARSE_crop,0,train
/data/JSM/06_2/ARSS_crop/ARSS_0007.jpg,ARSS_crop,1,train
/data/JSM/06_2/ARSE_crop/ARSE_0124.jpg,ARSE_crop,0,train
/data/JSM/06_2/ARSE_crop/ARSE_0122.jpg,ARSE_crop,0,train
/data/JSM/06_2/ARSE_crop/ARSE_0135.jpg,ARSE_crop,0,train
/data/JSM/06_2/PRPE_crop/PRPE_0150.jpg,PRPE_crop,4,train
/data/JSM/06_2/PRPE_crop/PRPE_0143.jpg,PRPE_crop,4,train
/data/JSM/06_2/PRDA_crop/PRDA_0060.jpg,PRDA_crop,3,train
/data/JSM/06_2/PRDA_crop/PRDA_0066.jpg,PRDA_crop,3,train
/data/JSM/06_2/ARSE_crop/ARSE_0019.jpg,ARSE_crop,0,train
/data/JSM/06_2/PRDA_crop/PRDA_0212.jpg,PRDA_crop,3,train
/data/JSM/06_2/ARSS_crop/ARSS_0049.jpg,ARSS_crop,1,train
/data/JSM/06_2/ARSS_crop/ARSS_0121.jpg,ARSS_crop,1,train
/data/JSM/06_2/PRPE_crop/PRPE_0044.jpg,PRPE_crop,4,train
/data/JSM/06_2/ARSE_crop/ARSE_0173.jpg,ARSE_crop,0,train
/data/JSM/06_2/ARSS_crop/ARSS_0218.jpg,ARSS_crop,1,train
/data/JSM/06_2/PRPE_crop/PRPE_0053.jpg,PRPE_crop,4,train
/data/JSM/06_2/PJNA_crop/PJNA_0202.jpg,PJNA_crop,2,train
/data/JSM/06_2/PRPE_crop/PRPE_0051.jpg,PRPE_crop,4,train
/data/JSM/06_2/PRPE_crop/PRPE_0089.jpg,PRPE_crop,4,train
/data/JSM/06_2/ARSE_crop/ARSE_0162.jpg,ARSE_crop,0,train
/data/JSM/06_2/PJNA_crop/PJNA_0097.jpg,PJNA_crop,2,train
/data/JSM/06_2/PJNA_crop/PJNA_0053.jpg,PJNA_crop,2,train
/data/JSM/06_2/ARSS_crop/ARSS_0064.jpg,ARSS_crop,1,train
/data/JSM/06_2/PRPE_crop/PRPE_0059.jpg,PRPE_crop,4,train
/data/JSM/06_2/PRPE_crop/PRPE_0194.jpg,PRPE_crop,4,train
/data/JSM/06_2/ARSE_crop/ARSE_0046.jpg,ARSE_crop,0,train
/data/JSM/06_2/PJNA_crop/PJNA_0109.jpg,PJNA_crop,2,train
/data/JSM/06_2/ARSE_crop/ARSE_0131.jpg,ARSE_crop,0,train
/data/JSM/06_2/PJNA_crop/PJNA_0120.jpg,PJNA_crop,2,train
/data/JSM/06_2/PRPE_crop/PRPE_0097.jpg,PRPE_crop,4,train
/data/JSM/06_2/PRDA_crop/PRDA_0087.jpg,PRDA_crop,3,train
/data/JSM/06_2/ARSE_crop/ARSE_0093.jpg,ARSE_crop,0,train
/data/JSM/06_2/ARSS_crop/ARSS_0045.jpg,ARSS_crop,1,train
/data/JSM/06_2/PRDA_crop/PRDA_0096.jpg,PRDA_crop,3,train
/data/JSM/06_2/PRDA_crop/PRDA_0112.jpg,PRDA_crop,3,train
/data/JSM/06_2/ARSS_crop/ARSS_0056.jpg,ARSS_crop,1,train
/data/JSM/06_2/ARSE_crop/ARSE_0062.jpg,ARSE_crop,0,train
/data/JSM/06_2/ARSE_crop/ARSE_0010.jpg,ARSE_crop,0,train
/data/JSM/06_2/PJNA_crop/PJNA_0045.jpg,PJNA_crop,2,train
/data/JSM/06_2/ARSS_crop/ARSS_0120.jpg,ARSS_crop,1,train
/data/JSM/06_2/ARSS_crop/ARSS_0153.jpg,ARSS_crop,1,train
/data/JSM/06_2/PRPE_crop/PRPE_0067.jpg,PRPE_crop,4,train
/data/JSM/06_2/PRDA_crop/PRDA_0210.jpg,PRDA_crop,3,train
/data/JSM/06_2/PRPE_crop/PRPE_0145.jpg,PRPE_crop,4,train
/data/JSM/06_2/ARSE_crop/ARSE_0082.jpg,ARSE_crop,0,train
/data/JSM/06_2/ARSE_crop/ARSE_0086.jpg,ARSE_crop,0,train
/data/JSM/06_2/PJNA_crop/PJNA_0091.jpg,PJNA_crop,2,train
/data/JSM/06_2/ARSE_crop/ARSE_0133.jpg,ARSE_crop,0,train
/data/JSM/06_2/ARSS_crop/ARSS_0213.jpg,ARSS_crop,1,train
/data/JSM/06_2/PJNA_crop/PJNA_0197.jpg,PJNA_crop,2,train
/data/JSM/06_2/PJNA_crop/PJNA_0145.jpg,PJNA_crop,2,train
/data/JSM/06_2/ARSS_crop/ARSS_0221.jpg,ARSS_crop,1,train
/data/JSM/06_2/PRPE_crop/PRPE_0204.jpg,PRPE_crop,4,train
/data/JSM/06_2/PRDA_crop/PRDA_0217.jpg,PRDA_crop,3,train
/data/JSM/06_2/ARSE_crop/ARSE_0120.jpg,ARSE_crop,0,train
/data/JSM/06_2/ARSS_crop/ARSS_0156.jpg,ARSS_crop,1,train
/data/JSM/06_2/PRPE_crop/PRPE_0045.jpg,PRPE_crop,4,train
/data/JSM/06_2/PJNA_crop/PJNA_0147.jpg,PJNA_crop,2,train
/data/JSM/06_2/ARSS_crop/ARSS_0015.jpg,ARSS_crop,1,train
/data/JSM/06_2/ARSE_crop/ARSE_0003.jpg,ARSE_crop,0,train
/data/JSM/06_2/PRPE_crop/PRPE_0086.jpg,PRPE_crop,4,train
/data/JSM/06_2/PRPE_crop/PRPE_0206.jpg,PRPE_crop,4,train
/data/JSM/06_2/ARSS_crop/ARSS_0008.jpg,ARSS_crop,1,train
/data/JSM/06_2/PRDA_crop/PRDA_0001.jpg,PRDA_crop,3,train
/data/JSM/06_2/PJNA_crop/PJNA_0067.jpg,PJNA_crop,2,train
/data/JSM/06_2/PRDA_crop/PRDA_0026.jpg,PRDA_crop,3,train
/data/JSM/06_2/PRPE_crop/PRPE_0048.jpg,PRPE_crop,4,train
/data/JSM/06_2/PJNA_crop/PJNA_0161.jpg,PJNA_crop,2,train
/data/JSM/06_2/ARSS_crop/ARSS_0158.jpg,ARSS_crop,1,train
/data/JSM/06_2/PRDA_crop/PRDA_0106.jpg,PRDA_crop,3,train
/data/JSM/06_2/ARSE_crop/ARSE_0049.jpg,ARSE_crop,0,train
/data/JSM/06_2/PRDA_crop/PRDA_0002.jpg,PRDA_crop,3,train
/data/JSM/06_2/PJNA_crop/PJNA_0155.jpg,PJNA_crop,2,train
/data/JSM/06_2/ARSE_crop/ARSE_0117.jpg,ARSE_crop,0,train
/data/JSM/06_2/ARSE_crop/ARSE_0112.jpg,ARSE_crop,0,train
/data/JSM/06_2/PJNA_crop/PJNA_0111.jpg,PJNA_crop,2,train
/data/JSM/06_2/ARSE_crop/ARSE_0186.jpg,ARSE_crop,0,train
/data/JSM/06_2/PRPE_crop/PRPE_0224.jpg,PRPE_crop,4,train
/data/JSM/06_2/PRDA_crop/PRDA_0195.jpg,PRDA_crop,3,train
/data/JSM/06_2/ARSE_crop/ARSE_0177.jpg,ARSE_crop,0,train
/data/JSM/06_2/ARSS_crop/ARSS_0207.jpg,ARSS_crop,1,train
/data/JSM/06_2/ARSS_crop/ARSS_0199.jpg,ARSS_crop,1,train
/data/JSM/06_2/ARSE_crop/ARSE_0176.jpg,ARSE_crop,0,train
/data/JSM/06_2/PJNA_crop/PJNA_0129.jpg,PJNA_crop,2,train
/data/JSM/06_2/PRPE_crop/PRPE_0157.jpg,PRPE_crop,4,train
/data/JSM/06_2/ARSS_crop/ARSS_0173.jpg,ARSS_crop,1,train
/data/JSM/06_2/ARSE_crop/ARSE_0025.jpg,ARSE_crop,0,train
/data/JSM/06_2/PRDA_crop/PRDA_0056.jpg,PRDA_crop,3,train
/data/JSM/06_2/PRPE_crop/PRPE_0043.jpg,PRPE_crop,4,train
/data/JSM/06_2/ARSS_crop/ARSS_0039.jpg,ARSS_crop,1,train
/data/JSM/06_2/PRPE_crop/PRPE_0229.jpg,PRPE_crop,4,train
/data/JSM/06_2/PRDA_crop/PRDA_0105.jpg,PRDA_crop,3,train
/data/JSM/06_2/PRDA_crop/PRDA_0019.jpg,PRDA_crop,3,train
/data/JSM/06_2/PJNA_crop/PJNA_0116.jpg,PJNA_crop,2,train
/data/JSM/06_2/PJNA_crop/PJNA_0152.jpg,PJNA_crop,2,train
/data/JSM/06_2/PJNA_crop/PJNA_0149.jpg,PJNA_crop,2,train
/data/JSM/06_2/ARSS_crop/ARSS_0116.jpg,ARSS_crop,1,train
/data/JSM/06_2/PJNA_crop/PJNA_0110.jpg,PJNA_crop,2,train
/data/JSM/06_2/PRPE_crop/PRPE_0050.jpg,PRPE_crop,4,train
/data/JSM/06_2/ARSE_crop/ARSE_0113.jpg,ARSE_crop,0,train
/data/JSM/06_2/PRDA_crop/PRDA_0018.jpg,PRDA_crop,3,train
/data/JSM/06_2/PRDA_crop/PRDA_0182.jpg,PRDA_crop,3,train
/data/JSM/06_2/ARSS_crop/ARSS_0113.jpg,ARSS_crop,1,train
/data/JSM/06_2/PRDA_crop/PRDA_0172.jpg,PRDA_crop,3,train
/data/JSM/06_2/PRPE_crop/PRPE_0022.jpg,PRPE_crop,4,train
/data/JSM/06_2/PRDA_crop/PRDA_0053.jpg,PRDA_crop,3,train
/data/JSM/06_2/ARSE_crop/ARSE_0170.jpg,ARSE_crop,0,train
/data/JSM/06_2/ARSS_crop/ARSS_0083.jpg,ARSS_crop,1,train
/data/JSM/06_2/PJNA_crop/PJNA_0041.jpg,PJNA_crop,2,train
/data/JSM/06_2/ARSS_crop/ARSS_0140.jpg,ARSS_crop,1,train
/data/JSM/06_2/ARSE_crop/ARSE_0094.jpg,ARSE_crop,0,train
/data/JSM/06_2/ARSS_crop/ARSS_0185.jpg,ARSS_crop,1,train
/data/JSM/06_2/PJNA_crop/PJNA_0156.jpg,PJNA_crop,2,train
/data/JSM/06_2/PRDA_crop/PRDA_0158.jpg,PRDA_crop,3,train
/data/JSM/06_2/PJNA_crop/PJNA_0102.jpg,PJNA_crop,2,train
/data/JSM/06_2/PRDA_crop/PRDA_0123.jpg,PRDA_crop,3,train
/data/JSM/06_2/PRPE_crop/PRPE_0071.jpg,PRPE_crop,4,train
/data/JSM/06_2/ARSE_crop/ARSE_0015.jpg,ARSE_crop,0,train
/data/JSM/06_2/PRPE_crop/PRPE_0029.jpg,PRPE_crop,4,train
/data/JSM/06_2/ARSS_crop/ARSS_0072.jpg,ARSS_crop,1,train
/data/JSM/06_2/PJNA_crop/PJNA_0122.jpg,PJNA_crop,2,train
/data/JSM/06_2/PRDA_crop/PRDA_0076.jpg,PRDA_crop,3,train
/data/JSM/06_2/PJNA_crop/PJNA_0115.jpg,PJNA_crop,2,train
/data/JSM/06_2/PJNA_crop/PJNA_0182.jpg,PJNA_crop,2,train
/data/JSM/06_2/PRDA_crop/PRDA_0202.jpg,PRDA_crop,3,train
/data/JSM/06_2/PRPE_crop/PRPE_0230.jpg,PRPE_crop,4,train
/data/JSM/06_2/PRPE_crop/PRPE_0147.jpg,PRPE_crop,4,train
/data/JSM/06_2/PJNA_crop/PJNA_0221.jpg,PJNA_crop,2,train
/data/JSM/06_2/PRPE_crop/PRPE_0177.jpg,PRPE_crop,4,train
/data/JSM/06_2/PRPE_crop/PRPE_0169.jpg,PRPE_crop,4,train
/data/JSM/06_2/ARSS_crop/ARSS_0165.jpg,ARSS_crop,1,train
/data/JSM/06_2/ARSS_crop/ARSS_0114.jpg,ARSS_crop,1,train
/data/JSM/06_2/PJNA_crop/PJNA_0219.jpg,PJNA_crop,2,train
